payment_id,file_id,reference_id,amount,currency,direction,counterparty,payment_date,expected_posting_date,status
PMT-000001,FILE-0001,REF-M-0001,1544.69,USD,inbound,Rogers-Galvan,2026-08-18,2026-08-18,unmatched
PMT-000002,FILE-0001,REF-M-0002,868.4,USD,inbound,House Ltd,2026-08-01,2026-08-02,unmatched
PMT-000003,FILE-0001,REF-M-0003,2092.5,USD,inbound,"Miller, Ross and Smith",2026-08-06,2026-08-06,unmatched
PMT-000004,FILE-0001,REF-M-0004,1550.37,USD,inbound,Morton PLC,2026-08-18,2026-08-19,unmatched
PMT-000005,FILE-0001,REF-M-0005,1253.68,USD,inbound,Collins-Snow,2026-08-03,2026-08-03,unmatched
PMT-000006,FILE-0001,REF-M-0006,364.63,USD,inbound,Rush-Sanchez,2026-08-20,2026-08-21,unmatched
PMT-000007,FILE-0001,REF-M-0007,2176.93,USD,inbound,Hall-Garza,2026-08-29,2026-08-30,unmatched
PMT-000008,FILE-0001,REF-M-0008,2336.46,USD,inbound,"Mason, Mercado and Rogers",2026-08-07,2026-08-08,unmatched
PMT-000009,FILE-0001,REF-M-0009,1246.98,USD,inbound,"Glover, Payne and White",2026-08-05,2026-08-05,unmatched
PMT-000010,FILE-0001,REF-M-0010,2141.61,USD,inbound,Curtis-Adams,2026-08-30,2026-08-30,unmatched
PMT-000011,FILE-0001,REF-M-0011,1912.32,USD,inbound,Park-Carter,2026-08-05,2026-08-05,unmatched
PMT-000012,FILE-0001,REF-M-0012,2243.83,USD,inbound,Jones PLC,2026-08-27,2026-08-27,unmatched
PMT-000013,FILE-0001,REF-M-0013,1626.22,USD,inbound,Bentley and Sons,2026-08-05,2026-08-05,unmatched
PMT-000014,FILE-0001,REF-M-0014,395.81,USD,inbound,Johnson-Cooper,2026-08-14,2026-08-14,unmatched
PMT-000015,FILE-0001,REF-M-0015,72.99,USD,inbound,"Payne, White and Shields",2026-08-04,2026-08-05,unmatched
PMT-000016,FILE-0001,REF-M-0016,2320.58,USD,inbound,Gaines LLC,2026-08-30,2026-08-31,unmatched
PMT-000017,FILE-0001,REF-M-0017,2163.73,USD,inbound,"Williams, Lang and Nelson",2026-08-02,2026-08-02,unmatched
PMT-000018,FILE-0001,REF-M-0018,853.41,USD,inbound,Melendez PLC,2026-08-20,2026-08-21,unmatched
PMT-000019,FILE-0001,REF-M-0019,1860.24,USD,inbound,Wade Ltd,2026-08-17,2026-08-18,unmatched
PMT-000020,FILE-0001,REF-M-0020,1919.31,USD,inbound,Day PLC,2026-08-21,2026-08-21,unmatched
PMT-000021,FILE-0001,REF-M-0021,1643.33,USD,inbound,Sims PLC,2026-08-18,2026-08-18,unmatched
PMT-000022,FILE-0001,REF-M-0022,529.44,USD,inbound,Johnson-Park,2026-08-23,2026-08-23,unmatched
PMT-000023,FILE-0001,REF-M-0023,1090.54,USD,inbound,"Cruz, Carter and Ellis",2026-08-21,2026-08-21,unmatched
PMT-000024,FILE-0001,REF-M-0024,43.02,USD,inbound,Jordan PLC,2026-08-07,2026-08-07,unmatched
PMT-000025,FILE-0001,REF-M-0025,42.42,USD,inbound,Forbes-Miller,2026-08-04,2026-08-04,unmatched
PMT-000026,FILE-0001,REF-M-0026,2259.59,USD,inbound,"Smith, Hester and Hill",2026-08-22,2026-08-23,unmatched
PMT-000027,FILE-0001,REF-M-0027,735.26,USD,inbound,Casey-Gibson,2026-08-29,2026-08-29,unmatched
PMT-000028,FILE-0001,REF-M-0028,2070.33,USD,inbound,"Holland, Scott and Webb",2026-08-08,2026-08-09,unmatched
PMT-000029,FILE-0001,REF-M-0029,2083.72,USD,inbound,Palmer-Bradshaw,2026-08-30,2026-08-30,unmatched
PMT-000030,FILE-0001,REF-M-0030,1367.61,USD,inbound,Allen LLC,2026-08-17,2026-08-18,unmatched
PMT-000031,FILE-0001,REF-M-0031,346.04,USD,inbound,Hill-Serrano,2026-08-14,2026-08-15,unmatched
PMT-000032,FILE-0001,REF-M-0032,1954.23,USD,inbound,Burns Inc,2026-08-21,2026-08-22,unmatched
PMT-000033,FILE-0001,REF-M-0033,369.83,USD,inbound,"Jones, Davis and Jones",2026-08-10,2026-08-11,unmatched
PMT-000034,FILE-0001,REF-M-0034,2162.27,USD,inbound,Gardner-Blair,2026-08-11,2026-08-12,unmatched
PMT-000035,FILE-0001,REF-M-0035,1431.68,USD,inbound,Collins-Mathis,2026-08-28,2026-08-28,unmatched
PMT-000036,FILE-0001,REF-M-0036,1757.22,USD,inbound,Watson-Garza,2026-08-18,2026-08-18,unmatched
PMT-000037,FILE-0001,REF-M-0037,821.61,USD,inbound,"Martinez, Manning and Wells",2026-08-08,2026-08-08,unmatched
PMT-000038,FILE-0001,REF-M-0038,2403.71,USD,inbound,"Ramirez, Mata and Miller",2026-08-05,2026-08-05,unmatched
PMT-000039,FILE-0001,REF-M-0039,889.49,USD,inbound,Conrad-Barton,2026-08-09,2026-08-09,unmatched
PMT-000040,FILE-0001,REF-M-0040,2262.14,USD,inbound,Coleman Group,2026-08-20,2026-08-21,unmatched
PMT-000041,FILE-0001,REF-M-0041,1280.77,USD,inbound,"Brown, Buchanan and Jackson",2026-08-16,2026-08-16,unmatched
PMT-000042,FILE-0001,REF-M-0042,1003.79,USD,inbound,Gonzalez-Hebert,2026-08-28,2026-08-28,unmatched
PMT-000043,FILE-0001,REF-M-0043,2085.87,USD,inbound,"Williams, Hardy and Ruiz",2026-08-20,2026-08-20,unmatched
PMT-000044,FILE-0001,REF-M-0044,687.82,USD,inbound,Jackson-Duke,2026-08-28,2026-08-28,unmatched
PMT-000045,FILE-0001,REF-M-0045,2149.06,USD,inbound,Rivera Group,2026-08-20,2026-08-20,unmatched
PMT-000046,FILE-0001,REF-M-0046,2293.26,USD,inbound,"Walter, Robertson and Park",2026-08-09,2026-08-09,unmatched
PMT-000047,FILE-0001,REF-M-0047,2150.79,USD,inbound,Huerta Group,2026-08-03,2026-08-03,unmatched
PMT-000048,FILE-0001,REF-M-0048,2461.43,USD,inbound,Davis and Sons,2026-08-06,2026-08-06,unmatched
PMT-000049,FILE-0001,REF-M-0049,1743.62,USD,inbound,Rice-Vasquez,2026-08-20,2026-08-20,unmatched
PMT-000050,FILE-0001,REF-M-0050,2066.94,USD,inbound,Garcia-Thompson,2026-08-28,2026-08-29,unmatched
PMT-000051,FILE-0001,REF-M-0051,2317.6,USD,inbound,King-Garcia,2026-08-11,2026-08-12,unmatched
PMT-000052,FILE-0001,REF-M-0052,388.39,USD,inbound,"Newman, Diaz and Guerra",2026-08-15,2026-08-15,unmatched
PMT-000053,FILE-0001,REF-M-0053,820.76,USD,inbound,"Brown, Lee and Ortiz",2026-08-13,2026-08-13,unmatched
PMT-000054,FILE-0001,REF-M-0054,2021.99,USD,inbound,Keller PLC,2026-08-21,2026-08-21,unmatched
PMT-000055,FILE-0001,REF-M-0055,1144.37,USD,inbound,Holden-Sharp,2026-08-03,2026-08-04,unmatched
PMT-000056,FILE-0001,REF-M-0056,635.4,USD,inbound,Bush LLC,2026-08-07,2026-08-08,unmatched
PMT-000057,FILE-0001,REF-M-0057,2035.38,USD,inbound,Clark LLC,2026-08-05,2026-08-05,unmatched
PMT-000058,FILE-0001,REF-M-0058,1907.17,USD,inbound,"Lee, Johnson and Wilkerson",2026-08-11,2026-08-12,unmatched
PMT-000059,FILE-0001,REF-M-0059,2480.16,USD,inbound,"Moss, Jenkins and Marsh",2026-08-18,2026-08-18,unmatched
PMT-000060,FILE-0001,REF-M-0060,28.52,USD,inbound,Thomas-Lane,2026-08-08,2026-08-09,unmatched
PMT-000061,FILE-0001,REF-M-0061,2445.81,USD,inbound,Farrell Inc,2026-08-21,2026-08-22,unmatched
PMT-000062,FILE-0001,REF-M-0062,778.63,USD,inbound,Taylor-Goodwin,2026-08-25,2026-08-25,unmatched
PMT-000063,FILE-0001,REF-M-0063,1292.28,USD,inbound,Goodman and Sons,2026-08-24,2026-08-25,unmatched
PMT-000064,FILE-0001,REF-M-0064,806.53,USD,inbound,"Santos, Ho and Daniels",2026-08-27,2026-08-28,unmatched
PMT-000065,FILE-0001,REF-M-0065,1872.32,USD,inbound,Owens LLC,2026-08-25,2026-08-25,unmatched
PMT-000066,FILE-0001,REF-M-0066,133.56,USD,inbound,Tapia Inc,2026-08-05,2026-08-05,unmatched
PMT-000067,FILE-0001,REF-M-0067,2302.66,USD,inbound,Lamb Inc,2026-08-25,2026-08-26,unmatched
PMT-000068,FILE-0001,REF-M-0068,2082.11,USD,inbound,Thompson LLC,2026-08-21,2026-08-21,unmatched
PMT-000069,FILE-0001,REF-M-0069,559.97,USD,inbound,"Edwards, Russell and Williamson",2026-08-03,2026-08-04,unmatched
PMT-000070,FILE-0001,REF-M-0070,1140.6,USD,inbound,Schultz-Rice,2026-08-05,2026-08-06,unmatched
PMT-000071,FILE-0001,REF-M-0071,1140.69,USD,inbound,Rivas PLC,2026-08-01,2026-08-01,unmatched
PMT-000072,FILE-0001,REF-M-0072,1999.77,USD,inbound,Kent Group,2026-08-11,2026-08-12,unmatched
PMT-000073,FILE-0001,REF-M-0073,1677.57,USD,inbound,Williams Group,2026-08-04,2026-08-04,unmatched
PMT-000074,FILE-0001,REF-M-0074,1021.79,USD,inbound,Miller Inc,2026-08-25,2026-08-26,unmatched
PMT-000075,FILE-0001,REF-M-0075,285.2,USD,inbound,Turner-Martinez,2026-08-10,2026-08-11,unmatched
PMT-000076,FILE-0001,REF-M-0076,1043.41,USD,inbound,Santana-Patel,2026-08-19,2026-08-20,unmatched
PMT-000077,FILE-0001,REF-M-0077,1345.46,USD,inbound,"Miranda, Bass and Mitchell",2026-08-11,2026-08-12,unmatched
PMT-000078,FILE-0001,REF-M-0078,595.01,USD,inbound,"Rogers, Walsh and Brooks",2026-08-29,2026-08-29,unmatched
PMT-000079,FILE-0001,REF-M-0079,1089.56,USD,inbound,Lin-Brown,2026-08-20,2026-08-21,unmatched
PMT-000080,FILE-0001,REF-M-0080,430.02,USD,inbound,Butler-Adams,2026-08-13,2026-08-13,unmatched
PMT-000081,FILE-0001,REF-M-0081,2236.22,USD,inbound,Cobb Inc,2026-08-29,2026-08-30,unmatched
PMT-000082,FILE-0001,REF-M-0082,469.53,USD,inbound,Perez-Mathis,2026-08-17,2026-08-17,unmatched
PMT-000083,FILE-0001,REF-M-0083,1538.62,USD,inbound,Collins-Wang,2026-08-13,2026-08-13,unmatched
PMT-000084,FILE-0001,REF-M-0084,787.01,USD,inbound,"Washington, Maddox and Hill",2026-08-26,2026-08-26,unmatched
PMT-000085,FILE-0001,REF-M-0085,552.63,USD,inbound,Dudley-Frazier,2026-08-01,2026-08-01,unmatched
PMT-000086,FILE-0001,REF-M-0086,1882.15,USD,inbound,Page PLC,2026-08-04,2026-08-05,unmatched
PMT-000087,FILE-0001,REF-M-0087,1578.57,USD,inbound,Edwards-Dominguez,2026-08-04,2026-08-05,unmatched
PMT-000088,FILE-0001,REF-M-0088,1083.12,USD,inbound,Morris-Diaz,2026-08-07,2026-08-08,unmatched
PMT-000089,FILE-0001,REF-M-0089,1218.02,USD,inbound,"Palmer, Montgomery and Stone",2026-08-03,2026-08-03,unmatched
PMT-000090,FILE-0001,REF-M-0090,1146.04,USD,inbound,Taylor Ltd,2026-08-12,2026-08-12,unmatched
PMT-000091,FILE-0001,REF-M-0091,1872.88,USD,inbound,Lara-Boyer,2026-08-29,2026-08-30,unmatched
PMT-000092,FILE-0001,REF-M-0092,1211.64,USD,inbound,"Bautista, Gamble and Jones",2026-08-05,2026-08-06,unmatched
PMT-000093,FILE-0001,REF-M-0093,1398.34,USD,inbound,Rios and Sons,2026-08-13,2026-08-14,unmatched
PMT-000094,FILE-0001,REF-M-0094,1669.04,USD,inbound,Jacobs Ltd,2026-08-29,2026-08-29,unmatched
PMT-000095,FILE-0001,REF-M-0095,309.1,USD,inbound,Gregory Inc,2026-08-11,2026-08-12,unmatched
PMT-000096,FILE-0001,REF-M-0096,767.99,USD,inbound,"Johnson, Griffin and Marshall",2026-08-25,2026-08-25,unmatched
PMT-000097,FILE-0001,REF-M-0097,78.75,USD,inbound,Jefferson-Wagner,2026-08-24,2026-08-25,unmatched
PMT-000098,FILE-0001,REF-M-0098,1441.02,USD,inbound,"Matthews, Pittman and Miller",2026-08-23,2026-08-24,unmatched
PMT-000099,FILE-0001,REF-M-0099,1024.24,USD,inbound,Kelley and Sons,2026-08-21,2026-08-22,unmatched
PMT-000100,FILE-0001,REF-M-0100,968.32,USD,inbound,Malone Ltd,2026-08-04,2026-08-05,unmatched
PMT-000101,FILE-0001,REF-M-0101,663.73,USD,inbound,"Newton, Brown and Sanchez",2026-08-05,2026-08-06,unmatched
PMT-000102,FILE-0001,REF-M-0102,1497.33,USD,inbound,Jones-Valentine,2026-08-13,2026-08-13,unmatched
PMT-000103,FILE-0001,REF-M-0103,730.59,USD,inbound,Morris-Johnson,2026-08-18,2026-08-19,unmatched
PMT-000104,FILE-0001,REF-M-0104,599.87,USD,inbound,Hughes Ltd,2026-08-19,2026-08-19,unmatched
PMT-000105,FILE-0001,REF-M-0105,2113.79,USD,inbound,"Woods, Simpson and Acosta",2026-08-24,2026-08-24,unmatched
PMT-000106,FILE-0001,REF-M-0106,637.28,USD,inbound,"Rhodes, Gillespie and Lloyd",2026-08-16,2026-08-17,unmatched
PMT-000107,FILE-0001,REF-M-0107,2498.33,USD,inbound,"Lee, Hamilton and Garcia",2026-08-27,2026-08-28,unmatched
PMT-000108,FILE-0001,REF-M-0108,59.98,USD,inbound,"Friedman, Clark and Sanchez",2026-08-23,2026-08-24,unmatched
PMT-000109,FILE-0001,REF-M-0109,1094.1,USD,inbound,Saunders-Butler,2026-08-20,2026-08-20,unmatched
PMT-000110,FILE-0001,REF-M-0110,883.25,USD,inbound,Peterson Ltd,2026-08-25,2026-08-25,unmatched
PMT-000111,FILE-0001,REF-M-0111,2239.97,USD,inbound,Gibbs and Sons,2026-08-18,2026-08-18,unmatched
PMT-000112,FILE-0001,REF-M-0112,512.0,USD,inbound,Hughes-Lee,2026-08-13,2026-08-14,unmatched
PMT-000113,FILE-0001,REF-M-0113,48.85,USD,inbound,Schaefer LLC,2026-08-06,2026-08-06,unmatched
PMT-000114,FILE-0001,REF-M-0114,1209.99,USD,inbound,Coffey Inc,2026-08-05,2026-08-06,unmatched
PMT-000115,FILE-0001,REF-M-0115,263.14,USD,inbound,Hoffman-Hernandez,2026-08-18,2026-08-18,unmatched
PMT-000116,FILE-0001,REF-M-0116,823.96,USD,inbound,Miller PLC,2026-08-07,2026-08-07,unmatched
PMT-000117,FILE-0001,REF-M-0117,1377.12,USD,inbound,Huynh-Hinton,2026-08-24,2026-08-24,unmatched
PMT-000118,FILE-0001,REF-M-0118,1818.92,USD,inbound,"Bailey, Lopez and Rivas",2026-08-15,2026-08-16,unmatched
PMT-000119,FILE-0001,REF-M-0119,2238.04,USD,inbound,Harris and Sons,2026-08-07,2026-08-08,unmatched
PMT-000120,FILE-0001,REF-M-0120,1328.36,USD,inbound,Shaw and Sons,2026-08-29,2026-08-29,unmatched
PMT-000121,FILE-0001,REF-M-0121,2059.72,USD,inbound,"Lee, Johnson and Ray",2026-08-01,2026-08-01,unmatched
PMT-000122,FILE-0001,REF-M-0122,1811.42,USD,inbound,Huerta Group,2026-08-06,2026-08-07,unmatched
PMT-000123,FILE-0001,REF-M-0123,597.9,USD,inbound,"Frank, Nelson and Castaneda",2026-08-24,2026-08-24,unmatched
PMT-000124,FILE-0001,REF-M-0124,900.47,USD,inbound,"Allen, Hernandez and Griffin",2026-08-17,2026-08-18,unmatched
PMT-000125,FILE-0001,REF-M-0125,1283.95,USD,inbound,Gentry Inc,2026-08-24,2026-08-24,unmatched
PMT-000126,FILE-0001,REF-M-0126,81.03,USD,inbound,Mason-Duncan,2026-08-19,2026-08-20,unmatched
PMT-000127,FILE-0001,REF-M-0127,1789.1,USD,inbound,"Porter, Terry and Montoya",2026-08-25,2026-08-26,unmatched
PMT-000128,FILE-0001,REF-M-0128,424.16,USD,inbound,"Schneider, Tate and Skinner",2026-08-23,2026-08-23,unmatched
PMT-000129,FILE-0001,REF-M-0129,157.53,USD,inbound,Whitaker Inc,2026-08-10,2026-08-11,unmatched
PMT-000130,FILE-0001,REF-M-0130,2227.61,USD,inbound,Davis Ltd,2026-08-09,2026-08-09,unmatched
PMT-000131,FILE-0001,REF-M-0131,592.22,USD,inbound,Horn PLC,2026-08-18,2026-08-19,unmatched
PMT-000132,FILE-0001,REF-M-0132,1051.63,USD,inbound,"Gamble, Hall and Henderson",2026-08-20,2026-08-21,unmatched
PMT-000133,FILE-0001,REF-M-0133,2413.68,USD,inbound,Scott-Davis,2026-08-23,2026-08-23,unmatched
PMT-000134,FILE-0001,REF-M-0134,2222.68,USD,inbound,"Barrera, Henson and Blair",2026-08-13,2026-08-14,unmatched
PMT-000135,FILE-0001,REF-M-0135,1695.85,USD,inbound,Little-Pollard,2026-08-09,2026-08-10,unmatched
PMT-000136,FILE-0001,REF-M-0136,746.99,USD,inbound,Cox PLC,2026-08-29,2026-08-29,unmatched
PMT-000137,FILE-0001,REF-M-0137,1790.39,USD,inbound,Douglas and Sons,2026-08-26,2026-08-27,unmatched
PMT-000138,FILE-0001,REF-M-0138,399.27,USD,inbound,Davis Group,2026-08-10,2026-08-10,unmatched
PMT-000139,FILE-0001,REF-M-0139,233.39,USD,inbound,King LLC,2026-08-26,2026-08-26,unmatched
PMT-000140,FILE-0001,REF-M-0140,236.91,USD,inbound,Hunter Ltd,2026-08-05,2026-08-05,unmatched
PMT-000141,FILE-0001,REF-M-0141,1091.18,USD,inbound,"Sosa, Jimenez and Miller",2026-08-10,2026-08-11,unmatched
PMT-000142,FILE-0001,REF-M-0142,1748.36,USD,inbound,Smith and Sons,2026-08-14,2026-08-15,unmatched
PMT-000143,FILE-0001,REF-M-0143,111.4,USD,inbound,"Simmons, Ramirez and Morse",2026-08-24,2026-08-25,unmatched
PMT-000144,FILE-0001,REF-M-0144,426.46,USD,inbound,"Mcconnell, Orr and Vang",2026-08-12,2026-08-13,unmatched
PMT-000145,FILE-0001,REF-M-0145,1526.95,USD,inbound,"Schultz, Martinez and Peterson",2026-08-06,2026-08-07,unmatched
PMT-000146,FILE-0001,REF-M-0146,2310.25,USD,inbound,Ryan-Meyers,2026-08-26,2026-08-26,unmatched
PMT-000147,FILE-0001,REF-M-0147,397.47,USD,inbound,Bell-Stafford,2026-08-02,2026-08-03,unmatched
PMT-000148,FILE-0001,REF-M-0148,811.98,USD,inbound,"Scott, Warner and Ramos",2026-08-17,2026-08-18,unmatched
PMT-000149,FILE-0001,REF-M-0149,894.87,USD,inbound,Figueroa-Johnson,2026-08-30,2026-08-31,unmatched
PMT-000150,FILE-0001,REF-M-0150,2488.15,USD,inbound,"Wells, Smith and Richardson",2026-08-22,2026-08-22,unmatched
PMT-000151,FILE-0001,REF-M-0151,1025.52,USD,inbound,Edwards-Schmidt,2026-08-10,2026-08-11,unmatched
PMT-000152,FILE-0001,REF-M-0152,209.91,USD,inbound,"Ramirez, Long and Kelley",2026-08-10,2026-08-10,unmatched
PMT-000153,FILE-0001,REF-M-0153,621.02,USD,inbound,"Rivera, Miller and Howell",2026-08-05,2026-08-05,unmatched
PMT-000154,FILE-0001,REF-M-0154,454.6,USD,inbound,Davis Inc,2026-08-18,2026-08-19,unmatched
PMT-000155,FILE-0001,REF-M-0155,2063.07,USD,inbound,"Norris, Lawrence and Howard",2026-08-29,2026-08-29,unmatched
PMT-000156,FILE-0001,REF-M-0156,728.46,USD,inbound,Bolton-Vargas,2026-08-21,2026-08-22,unmatched
PMT-000157,FILE-0001,REF-M-0157,1549.89,USD,inbound,"Aguirre, Morse and Berger",2026-08-21,2026-08-22,unmatched
PMT-000158,FILE-0001,REF-M-0158,911.42,USD,inbound,"Mcbride, Harper and Gates",2026-08-14,2026-08-14,unmatched
PMT-000159,FILE-0001,REF-M-0159,1561.91,USD,inbound,"Garcia, Ruiz and Morgan",2026-08-10,2026-08-11,unmatched
PMT-000160,FILE-0001,REF-M-0160,2330.6,USD,inbound,Hodge-Barnes,2026-08-09,2026-08-09,unmatched
PMT-000161,FILE-0001,REF-M-0161,167.3,USD,inbound,"White, Dodson and Davis",2026-08-03,2026-08-03,unmatched
PMT-000162,FILE-0001,REF-M-0162,1055.74,USD,inbound,Stephenson Ltd,2026-08-13,2026-08-13,unmatched
PMT-000163,FILE-0001,REF-M-0163,2430.59,USD,inbound,"Bauer, Guerrero and Baker",2026-08-22,2026-08-23,unmatched
PMT-000164,FILE-0001,REF-M-0164,1951.0,USD,inbound,Frederick-Johnston,2026-08-15,2026-08-16,unmatched
PMT-000165,FILE-0001,REF-M-0165,1664.51,USD,inbound,Gentry Ltd,2026-08-09,2026-08-10,unmatched
PMT-000166,FILE-0001,REF-M-0166,414.21,USD,inbound,Scott Inc,2026-08-29,2026-08-29,unmatched
PMT-000167,FILE-0001,REF-M-0167,2403.33,USD,inbound,"Bates, Williams and Liu",2026-08-07,2026-08-08,unmatched
PMT-000168,FILE-0001,REF-M-0168,349.63,USD,inbound,"Shannon, Stone and Rodriguez",2026-08-24,2026-08-25,unmatched
PMT-000169,FILE-0001,REF-M-0169,661.78,USD,inbound,"Hendricks, Alvarez and Kelly",2026-08-20,2026-08-21,unmatched
PMT-000170,FILE-0001,REF-M-0170,1573.49,USD,inbound,Rodriguez-Ross,2026-08-10,2026-08-10,unmatched
PMT-000171,FILE-0001,REF-M-0171,293.34,USD,inbound,Reed-Gilmore,2026-08-11,2026-08-12,unmatched
PMT-000172,FILE-0001,REF-M-0172,846.83,USD,inbound,Norris-Smith,2026-08-07,2026-08-08,unmatched
PMT-000173,FILE-0001,REF-M-0173,1226.36,USD,inbound,Barber-Myers,2026-08-26,2026-08-27,unmatched
PMT-000174,FILE-0001,REF-M-0174,1916.8,USD,inbound,"Jackson, Stevenson and Newman",2026-08-17,2026-08-18,unmatched
PMT-000175,FILE-0001,REF-M-0175,1906.27,USD,inbound,Martinez-Brooks,2026-08-03,2026-08-03,unmatched
PMT-000176,FILE-0001,REF-M-0176,473.65,USD,inbound,White-Gordon,2026-08-14,2026-08-14,unmatched
PMT-000177,FILE-0001,REF-M-0177,850.86,USD,inbound,Myers PLC,2026-08-11,2026-08-12,unmatched
PMT-000178,FILE-0001,REF-M-0178,526.98,USD,inbound,"Mitchell, Cherry and Yoder",2026-08-13,2026-08-13,unmatched
PMT-000179,FILE-0001,REF-M-0179,225.52,USD,inbound,White PLC,2026-08-16,2026-08-17,unmatched
PMT-000180,FILE-0001,REF-M-0180,625.88,USD,inbound,Archer-Johnson,2026-08-23,2026-08-23,unmatched
PMT-000181,FILE-0001,REF-M-0181,740.27,USD,inbound,"Brooks, Thompson and Parker",2026-08-26,2026-08-27,unmatched
PMT-000182,FILE-0001,REF-M-0182,1098.23,USD,inbound,"Scott, Smith and Lee",2026-08-30,2026-08-30,unmatched
PMT-000183,FILE-0001,REF-M-0183,2198.32,USD,inbound,Good LLC,2026-08-26,2026-08-26,unmatched
PMT-000184,FILE-0001,REF-M-0184,46.21,USD,inbound,"Howard, Gray and Houston",2026-08-22,2026-08-22,unmatched
PMT-000185,FILE-0001,REF-M-0185,1503.27,USD,inbound,Nguyen-Savage,2026-08-18,2026-08-19,unmatched
PMT-000186,FILE-0001,REF-M-0186,1243.65,USD,inbound,"Gomez, Carter and Salinas",2026-08-26,2026-08-27,unmatched
PMT-000187,FILE-0001,REF-M-0187,1673.03,USD,inbound,Maldonado Ltd,2026-08-10,2026-08-11,unmatched
PMT-000188,FILE-0001,REF-M-0188,2218.42,USD,inbound,Mccarty Ltd,2026-08-29,2026-08-30,unmatched
PMT-000189,FILE-0001,REF-M-0189,689.45,USD,inbound,Ramirez-Adams,2026-08-04,2026-08-04,unmatched
PMT-000190,FILE-0001,REF-M-0190,1500.58,USD,inbound,Taylor-Chavez,2026-08-30,2026-08-30,unmatched
PMT-000191,FILE-0001,REF-M-0191,912.09,USD,inbound,Smith-Vargas,2026-08-02,2026-08-03,unmatched
PMT-000192,FILE-0001,REF-M-0192,2266.02,USD,inbound,Cline LLC,2026-08-27,2026-08-27,unmatched
PMT-000193,FILE-0001,REF-M-0193,422.89,USD,inbound,"Hernandez, Wyatt and Diaz",2026-08-26,2026-08-27,unmatched
PMT-000194,FILE-0001,REF-M-0194,1026.92,USD,inbound,"Nash, Sandoval and Kelly",2026-08-01,2026-08-01,unmatched
PMT-000195,FILE-0001,REF-M-0195,2035.51,USD,inbound,Matthews and Sons,2026-08-01,2026-08-02,unmatched
PMT-000196,FILE-0001,REF-M-0196,412.3,USD,inbound,Maxwell-Wright,2026-08-12,2026-08-12,unmatched
PMT-000197,FILE-0001,REF-M-0197,892.78,USD,inbound,Anderson-Khan,2026-08-13,2026-08-14,unmatched
PMT-000198,FILE-0001,REF-M-0198,2107.51,USD,inbound,Hunter Ltd,2026-08-14,2026-08-15,unmatched
PMT-000199,FILE-0001,REF-M-0199,1714.18,USD,inbound,Hansen-Moon,2026-08-02,2026-08-02,unmatched
PMT-000200,FILE-0001,REF-M-0200,856.38,USD,inbound,"Jackson, Maxwell and Keller",2026-08-14,2026-08-15,unmatched
PMT-000201,FILE-0001,REF-M-0201,2331.29,USD,inbound,Ross Group,2026-08-06,2026-08-06,unmatched
PMT-000202,FILE-0001,REF-M-0202,833.03,USD,inbound,"Mcclure, Francis and Foster",2026-08-19,2026-08-19,unmatched
PMT-000203,FILE-0001,REF-M-0203,1374.53,USD,inbound,Ramos-Hanson,2026-08-04,2026-08-04,unmatched
PMT-000204,FILE-0001,REF-M-0204,2170.45,USD,inbound,Bailey-Murphy,2026-08-04,2026-08-05,unmatched
PMT-000205,FILE-0001,REF-M-0205,258.57,USD,inbound,"Richardson, Jacobson and Montgomery",2026-08-01,2026-08-01,unmatched
PMT-000206,FILE-0001,REF-M-0206,1857.05,USD,inbound,Rivera-Brown,2026-08-02,2026-08-02,unmatched
PMT-000207,FILE-0001,REF-M-0207,122.98,USD,inbound,Mccarthy LLC,2026-08-27,2026-08-27,unmatched
PMT-000208,FILE-0001,REF-M-0208,1383.38,USD,inbound,Waters Ltd,2026-08-29,2026-08-29,unmatched
PMT-000209,FILE-0001,REF-M-0209,799.24,USD,inbound,Vazquez-Shaw,2026-08-13,2026-08-13,unmatched
PMT-000210,FILE-0001,REF-M-0210,902.1,USD,inbound,Rice-Watson,2026-08-20,2026-08-20,unmatched
PMT-000211,FILE-0001,REF-M-0211,1763.05,USD,inbound,Williams-Burton,2026-08-25,2026-08-26,unmatched
PMT-000212,FILE-0001,REF-M-0212,2425.99,USD,inbound,Jones-White,2026-08-29,2026-08-29,unmatched
PMT-000213,FILE-0001,REF-M-0213,189.69,USD,inbound,Stein-Griffin,2026-08-28,2026-08-29,unmatched
PMT-000214,FILE-0001,REF-M-0214,1136.06,USD,inbound,Brown Ltd,2026-08-13,2026-08-13,unmatched
PMT-000215,FILE-0001,REF-M-0215,1751.41,USD,inbound,Harris Inc,2026-08-01,2026-08-02,unmatched
PMT-000216,FILE-0001,REF-M-0216,42.65,USD,inbound,"Villa, Walker and Powell",2026-08-09,2026-08-10,unmatched
PMT-000217,FILE-0001,REF-M-0217,1139.34,USD,inbound,Williams Inc,2026-08-11,2026-08-12,unmatched
PMT-000218,FILE-0001,REF-M-0218,2323.46,USD,inbound,Moore Group,2026-08-03,2026-08-03,unmatched
PMT-000219,FILE-0001,REF-M-0219,1135.99,USD,inbound,"Jacobson, Schmitt and Sullivan",2026-08-29,2026-08-30,unmatched
PMT-000220,FILE-0001,REF-M-0220,1425.29,USD,inbound,"Lee, Vaughn and Barnes",2026-08-28,2026-08-29,unmatched
PMT-000221,FILE-0001,REF-M-0221,389.51,USD,inbound,"Thornton, Gamble and Anderson",2026-08-30,2026-08-30,unmatched
PMT-000222,FILE-0001,REF-M-0222,1950.57,USD,inbound,"Thornton, Grant and Alexander",2026-08-21,2026-08-22,unmatched
PMT-000223,FILE-0001,REF-M-0223,411.88,USD,inbound,Madden-Simpson,2026-08-11,2026-08-12,unmatched
PMT-000224,FILE-0001,REF-M-0224,1522.41,USD,inbound,Lopez-Jackson,2026-08-09,2026-08-09,unmatched
PMT-000225,FILE-0001,REF-M-0225,1560.64,USD,inbound,"Flynn, Gonzalez and Jones",2026-08-30,2026-08-30,unmatched
PMT-000226,FILE-0001,REF-M-0226,596.98,USD,inbound,Curtis-Schmidt,2026-08-08,2026-08-08,unmatched
PMT-000227,FILE-0001,REF-M-0227,2239.32,USD,inbound,Hanson-Chambers,2026-08-20,2026-08-21,unmatched
PMT-000228,FILE-0001,REF-M-0228,1333.15,USD,inbound,"Oneill, Meyers and Fletcher",2026-08-10,2026-08-10,unmatched
PMT-000229,FILE-0001,REF-M-0229,1174.6,USD,inbound,Torres-Smith,2026-08-08,2026-08-08,unmatched
PMT-000230,FILE-0001,REF-M-0230,458.38,USD,inbound,"Rhodes, Holland and Davis",2026-08-30,2026-08-30,unmatched
PMT-000231,FILE-0001,REF-M-0231,354.51,USD,inbound,"Nelson, Reyes and Hicks",2026-08-24,2026-08-25,unmatched
PMT-000232,FILE-0001,REF-M-0232,71.78,USD,inbound,Rogers-Rodriguez,2026-08-29,2026-08-30,unmatched
PMT-000233,FILE-0001,REF-M-0233,2378.16,USD,inbound,"Davidson, Greene and Simpson",2026-08-21,2026-08-21,unmatched
PMT-000234,FILE-0001,REF-M-0234,1118.15,USD,inbound,Wheeler and Sons,2026-08-01,2026-08-01,unmatched
PMT-000235,FILE-0001,REF-M-0235,2310.66,USD,inbound,Gomez-Anderson,2026-08-20,2026-08-21,unmatched
PMT-000236,FILE-0001,REF-M-0236,237.68,USD,inbound,"Vargas, Moore and Yu",2026-08-06,2026-08-07,unmatched
PMT-000237,FILE-0001,REF-M-0237,2467.44,USD,inbound,Martinez-Richardson,2026-08-21,2026-08-21,unmatched
PMT-000238,FILE-0001,REF-M-0238,501.77,USD,inbound,Banks-Moore,2026-08-19,2026-08-19,unmatched
PMT-000239,FILE-0001,REF-M-0239,1486.59,USD,inbound,Trujillo LLC,2026-08-23,2026-08-23,unmatched
PMT-000240,FILE-0001,REF-M-0240,1731.64,USD,inbound,Lee and Sons,2026-08-11,2026-08-12,unmatched
PMT-000241,FILE-0001,REF-M-0241,1605.08,USD,inbound,Holloway Inc,2026-08-24,2026-08-25,unmatched
PMT-000242,FILE-0001,REF-M-0242,1085.94,USD,inbound,Walls-Reyes,2026-08-19,2026-08-19,unmatched
PMT-000243,FILE-0001,REF-M-0243,2205.35,USD,inbound,"Rodriguez, Reynolds and Weaver",2026-08-27,2026-08-28,unmatched
PMT-000244,FILE-0001,REF-M-0244,818.8,USD,inbound,"Flores, Smith and Rice",2026-08-09,2026-08-09,unmatched
PMT-000245,FILE-0001,REF-M-0245,539.23,USD,inbound,"Matthews, Simmons and Cook",2026-08-21,2026-08-21,unmatched
PMT-000246,FILE-0001,REF-M-0246,1815.69,USD,inbound,"Cortez, Ward and Watkins",2026-08-12,2026-08-12,unmatched
PMT-000247,FILE-0001,REF-M-0247,1782.96,USD,inbound,Myers-Ford,2026-08-19,2026-08-20,unmatched
PMT-000248,FILE-0001,REF-M-0248,1145.63,USD,inbound,Chapman Ltd,2026-08-12,2026-08-12,unmatched
PMT-000249,FILE-0001,REF-M-0249,872.85,USD,inbound,"Hart, Berg and Floyd",2026-08-09,2026-08-09,unmatched
PMT-000250,FILE-0001,REF-M-0250,2448.42,USD,inbound,Mason-Deleon,2026-08-12,2026-08-13,unmatched
PMT-000251,FILE-0001,REF-M-0251,229.95,USD,inbound,Ortiz Inc,2026-08-06,2026-08-06,unmatched
PMT-000252,FILE-0001,REF-M-0252,815.43,USD,inbound,Mckee-Bradley,2026-08-30,2026-08-30,unmatched
PMT-000253,FILE-0001,REF-M-0253,1262.56,USD,inbound,"Howard, Castillo and Jones",2026-08-06,2026-08-06,unmatched
PMT-000254,FILE-0001,REF-M-0254,46.19,USD,inbound,"Kennedy, Ingram and Adams",2026-08-06,2026-08-07,unmatched
PMT-000255,FILE-0001,REF-M-0255,2396.99,USD,inbound,Rhodes-Sullivan,2026-08-03,2026-08-04,unmatched
PMT-000256,FILE-0001,REF-M-0256,2165.49,USD,inbound,"Fisher, Miller and Garcia",2026-08-07,2026-08-08,unmatched
PMT-000257,FILE-0001,REF-M-0257,510.51,USD,inbound,"Bishop, Glenn and Hendrix",2026-08-23,2026-08-24,unmatched
PMT-000258,FILE-0001,REF-M-0258,2332.08,USD,inbound,"Jones, Fisher and Sanchez",2026-08-07,2026-08-07,unmatched
PMT-000259,FILE-0001,REF-M-0259,1713.69,USD,inbound,"Gonzalez, Craig and Davis",2026-08-02,2026-08-02,unmatched
PMT-000260,FILE-0001,REF-M-0260,1279.08,USD,inbound,Kirby-Dixon,2026-08-13,2026-08-14,unmatched
PMT-000261,FILE-0001,REF-M-0261,1651.2,USD,inbound,Hammond-Lopez,2026-08-26,2026-08-27,unmatched
PMT-000262,FILE-0001,REF-M-0262,1493.69,USD,inbound,Moore-Anderson,2026-08-01,2026-08-01,unmatched
PMT-000263,FILE-0001,REF-M-0263,1730.39,USD,inbound,"Bender, Jones and Gomez",2026-08-25,2026-08-26,unmatched
PMT-000264,FILE-0001,REF-M-0264,2031.34,USD,inbound,Davis PLC,2026-08-29,2026-08-29,unmatched
PMT-000265,FILE-0001,REF-M-0265,1669.06,USD,inbound,Gould LLC,2026-08-17,2026-08-17,unmatched
PMT-000266,FILE-0001,REF-M-0266,185.57,USD,inbound,Rubio-Bennett,2026-08-10,2026-08-10,unmatched
PMT-000267,FILE-0001,REF-M-0267,307.88,USD,inbound,Griffin-Graham,2026-08-24,2026-08-24,unmatched
PMT-000268,FILE-0001,REF-M-0268,1850.15,USD,inbound,Reyes and Sons,2026-08-01,2026-08-02,unmatched
PMT-000269,FILE-0001,REF-M-0269,2436.96,USD,inbound,Alvarado Inc,2026-08-08,2026-08-08,unmatched
PMT-000270,FILE-0001,REF-M-0270,2103.29,USD,inbound,"George, Williams and Rodriguez",2026-08-13,2026-08-13,unmatched
PMT-000271,FILE-0001,REF-M-0271,188.36,USD,inbound,Rogers-Gutierrez,2026-08-09,2026-08-10,unmatched
PMT-000272,FILE-0001,REF-M-0272,962.52,USD,inbound,Flores-Jones,2026-08-11,2026-08-12,unmatched
PMT-000273,FILE-0001,REF-M-0273,403.48,USD,inbound,Johnson-Jefferson,2026-08-03,2026-08-03,unmatched
PMT-000274,FILE-0001,REF-M-0274,2278.64,USD,inbound,Walsh-Rhodes,2026-08-28,2026-08-29,unmatched
PMT-000275,FILE-0001,REF-M-0275,1425.45,USD,inbound,Evans and Sons,2026-08-17,2026-08-18,unmatched
PMT-000276,FILE-0001,REF-M-0276,721.15,USD,inbound,"Davis, Krueger and Smith",2026-08-26,2026-08-26,unmatched
PMT-000277,FILE-0001,REF-M-0277,205.1,USD,inbound,Burns Inc,2026-08-17,2026-08-18,unmatched
PMT-000278,FILE-0001,REF-M-0278,2080.23,USD,inbound,"Perez, Hansen and Thompson",2026-08-16,2026-08-17,unmatched
PMT-000279,FILE-0001,REF-M-0279,1599.7,USD,inbound,"Peterson, Brown and Brown",2026-08-20,2026-08-20,unmatched
PMT-000280,FILE-0001,REF-M-0280,1485.42,USD,inbound,Watts PLC,2026-08-29,2026-08-29,unmatched
PMT-000281,FILE-0001,REF-M-0281,389.6,USD,inbound,"Holland, Thomas and Jones",2026-08-24,2026-08-25,unmatched
PMT-000282,FILE-0001,REF-M-0282,935.52,USD,inbound,Maddox Inc,2026-08-05,2026-08-05,unmatched
PMT-000283,FILE-0001,REF-M-0283,178.37,USD,inbound,Lamb Ltd,2026-08-04,2026-08-05,unmatched
PMT-000284,FILE-0001,REF-M-0284,1910.12,USD,inbound,"Jones, Kaufman and Harrison",2026-08-06,2026-08-06,unmatched
PMT-000285,FILE-0001,REF-M-0285,1508.02,USD,inbound,Clark-Vincent,2026-08-27,2026-08-27,unmatched
PMT-000286,FILE-0001,REF-M-0286,2450.89,USD,inbound,"Thompson, Murphy and Fernandez",2026-08-28,2026-08-29,unmatched
PMT-000287,FILE-0001,REF-M-0287,29.15,USD,inbound,Torres-Hunter,2026-08-20,2026-08-21,unmatched
PMT-000288,FILE-0001,REF-M-0288,1486.96,USD,inbound,"Kelly, Riley and Olsen",2026-08-19,2026-08-20,unmatched
PMT-000289,FILE-0001,REF-M-0289,269.09,USD,inbound,Sanchez PLC,2026-08-06,2026-08-07,unmatched
PMT-000290,FILE-0001,REF-M-0290,853.63,USD,inbound,Park-Kane,2026-08-17,2026-08-17,unmatched
PMT-000291,FILE-0001,REF-M-0291,2051.96,USD,inbound,"Farmer, Dixon and Rojas",2026-08-22,2026-08-22,unmatched
PMT-000292,FILE-0001,REF-M-0292,2025.63,USD,inbound,Brock-Fischer,2026-08-01,2026-08-02,unmatched
PMT-000293,FILE-0001,REF-M-0293,361.65,USD,inbound,Hodge PLC,2026-08-29,2026-08-30,unmatched
PMT-000294,FILE-0001,REF-M-0294,166.75,USD,inbound,Collins Inc,2026-08-17,2026-08-18,unmatched
PMT-000295,FILE-0001,REF-M-0295,601.66,USD,inbound,Anderson-Wilkins,2026-08-18,2026-08-18,unmatched
PMT-000296,FILE-0001,REF-M-0296,1452.21,USD,inbound,Mathews-Bowers,2026-08-26,2026-08-26,unmatched
PMT-000297,FILE-0001,REF-M-0297,1481.29,USD,inbound,Matthews-Bennett,2026-08-28,2026-08-29,unmatched
PMT-000298,FILE-0001,REF-M-0298,2489.31,USD,inbound,"Perry, Freeman and Gallegos",2026-08-16,2026-08-17,unmatched
PMT-000299,FILE-0001,REF-M-0299,141.47,USD,inbound,Harris-Davis,2026-08-05,2026-08-05,unmatched
PMT-000300,FILE-0001,REF-M-0300,251.08,USD,inbound,"Miller, White and Hamilton",2026-08-23,2026-08-23,unmatched
PMT-000301,FILE-0001,REF-M-0301,363.79,USD,inbound,"Bishop, Collier and Arellano",2026-08-17,2026-08-17,unmatched
PMT-000302,FILE-0001,REF-M-0302,1907.85,USD,inbound,Allen-Smith,2026-08-23,2026-08-24,unmatched
PMT-000303,FILE-0001,REF-M-0303,1688.69,USD,inbound,Franco-Allen,2026-08-08,2026-08-08,unmatched
PMT-000304,FILE-0001,REF-M-0304,2024.19,USD,inbound,Walters Inc,2026-08-07,2026-08-07,unmatched
PMT-000305,FILE-0001,REF-M-0305,2454.55,USD,inbound,Russell-Garcia,2026-08-01,2026-08-01,unmatched
PMT-000306,FILE-0001,REF-M-0306,589.28,USD,inbound,"Hopkins, Murphy and Jenkins",2026-08-13,2026-08-14,unmatched
PMT-000307,FILE-0001,REF-M-0307,44.73,USD,inbound,"Ellison, Morales and Murphy",2026-08-30,2026-08-31,unmatched
PMT-000308,FILE-0001,REF-M-0308,200.38,USD,inbound,Thomas-Weber,2026-08-14,2026-08-15,unmatched
PMT-000309,FILE-0001,REF-M-0309,1041.85,USD,inbound,Wolf and Sons,2026-08-06,2026-08-07,unmatched
PMT-000310,FILE-0001,REF-M-0310,330.28,USD,inbound,"Juarez, Jenkins and Callahan",2026-08-10,2026-08-10,unmatched
PMT-000311,FILE-0001,REF-M-0311,2008.16,USD,inbound,Diaz-Evans,2026-08-17,2026-08-18,unmatched
PMT-000312,FILE-0001,REF-M-0312,2483.33,USD,inbound,Mitchell Ltd,2026-08-30,2026-08-31,unmatched
PMT-000313,FILE-0001,REF-M-0313,1032.25,USD,inbound,"Watson, Hickman and Frost",2026-08-08,2026-08-08,unmatched
PMT-000314,FILE-0001,REF-M-0314,2059.52,USD,inbound,Jones and Sons,2026-08-03,2026-08-03,unmatched
PMT-000315,FILE-0001,REF-M-0315,1982.84,USD,inbound,Bell-Ross,2026-08-27,2026-08-28,unmatched
PMT-000316,FILE-0001,REF-M-0316,2350.36,USD,inbound,Wilson-Phelps,2026-08-09,2026-08-10,unmatched
PMT-000317,FILE-0001,REF-M-0317,1716.01,USD,inbound,"Compton, Espinoza and Mclaughlin",2026-08-20,2026-08-20,unmatched
PMT-000318,FILE-0001,REF-M-0318,2290.09,USD,inbound,Fitzgerald-Hall,2026-08-09,2026-08-09,unmatched
PMT-000319,FILE-0001,REF-M-0319,337.79,USD,inbound,"Alvarez, Smith and Hernandez",2026-08-13,2026-08-13,unmatched
PMT-000320,FILE-0001,REF-M-0320,1278.34,USD,inbound,Hall-Williams,2026-08-04,2026-08-04,unmatched
PMT-000321,FILE-0001,REF-M-0321,2404.99,USD,inbound,Smith Ltd,2026-08-30,2026-08-30,unmatched
PMT-000322,FILE-0001,REF-M-0322,848.13,USD,inbound,Jenkins-Smith,2026-08-15,2026-08-16,unmatched
PMT-000323,FILE-0001,REF-M-0323,2044.21,USD,inbound,Nguyen Group,2026-08-16,2026-08-16,unmatched
PMT-000324,FILE-0001,REF-M-0324,998.64,USD,inbound,Johns Inc,2026-08-28,2026-08-29,unmatched
PMT-000325,FILE-0001,REF-M-0325,2178.35,USD,inbound,Powell-Smith,2026-08-22,2026-08-22,unmatched
PMT-000326,FILE-0001,REF-M-0326,1367.75,USD,inbound,Miller and Sons,2026-08-25,2026-08-26,unmatched
PMT-000327,FILE-0001,REF-M-0327,774.86,USD,inbound,Jones-Finley,2026-08-12,2026-08-12,unmatched
PMT-000328,FILE-0001,REF-M-0328,41.43,USD,inbound,Yoder-Hunter,2026-08-23,2026-08-24,unmatched
PMT-000329,FILE-0001,REF-M-0329,470.05,USD,inbound,Ellis-Stout,2026-08-09,2026-08-10,unmatched
PMT-000330,FILE-0001,REF-M-0330,293.2,USD,inbound,Richardson PLC,2026-08-26,2026-08-26,unmatched
PMT-000331,FILE-0001,REF-M-0331,784.5,USD,inbound,French Group,2026-08-09,2026-08-09,unmatched
PMT-000332,FILE-0001,REF-M-0332,62.06,USD,inbound,"Ramos, Johnson and Ray",2026-08-28,2026-08-28,unmatched
PMT-000333,FILE-0001,REF-M-0333,1335.99,USD,inbound,George Inc,2026-08-01,2026-08-01,unmatched
PMT-000334,FILE-0001,REF-M-0334,560.45,USD,inbound,"Hanson, Anderson and Anderson",2026-08-22,2026-08-23,unmatched
PMT-000335,FILE-0001,REF-M-0335,2325.17,USD,inbound,Maldonado Inc,2026-08-19,2026-08-20,unmatched
PMT-000336,FILE-0001,REF-M-0336,624.39,USD,inbound,Davis LLC,2026-08-20,2026-08-21,unmatched
PMT-000337,FILE-0001,REF-M-0337,1549.96,USD,inbound,"Gonzales, Jones and Berry",2026-08-29,2026-08-30,unmatched
PMT-000338,FILE-0001,REF-M-0338,544.05,USD,inbound,Hooper-Paul,2026-08-17,2026-08-17,unmatched
PMT-000339,FILE-0001,REF-M-0339,1197.0,USD,inbound,Thornton-Lewis,2026-08-05,2026-08-06,unmatched
PMT-000340,FILE-0001,REF-M-0340,1716.34,USD,inbound,Martin-Anderson,2026-08-12,2026-08-12,unmatched
PMT-000341,FILE-0001,REF-M-0341,783.91,USD,inbound,Long and Sons,2026-08-12,2026-08-13,unmatched
PMT-000342,FILE-0001,REF-M-0342,2328.51,USD,inbound,"Smith, Rhodes and Holmes",2026-08-28,2026-08-29,unmatched
PMT-000343,FILE-0001,REF-M-0343,1923.25,USD,inbound,Robles Ltd,2026-08-10,2026-08-10,unmatched
PMT-000344,FILE-0001,REF-M-0344,1439.49,USD,inbound,"Mckinney, Chambers and Ray",2026-08-18,2026-08-19,unmatched
PMT-000345,FILE-0001,REF-M-0345,2242.99,USD,inbound,Herrera Inc,2026-08-16,2026-08-17,unmatched
PMT-000346,FILE-0001,REF-M-0346,2128.1,USD,inbound,Lee-West,2026-08-06,2026-08-06,unmatched
PMT-000347,FILE-0001,REF-M-0347,216.53,USD,inbound,"Pacheco, Burke and Hale",2026-08-02,2026-08-02,unmatched
PMT-000348,FILE-0001,REF-M-0348,1628.81,USD,inbound,"Clarke, Taylor and Summers",2026-08-26,2026-08-27,unmatched
PMT-000349,FILE-0001,REF-M-0349,1026.33,USD,inbound,"Jacobs, Watson and Santos",2026-08-23,2026-08-23,unmatched
PMT-000350,FILE-0001,REF-M-0350,1197.9,USD,inbound,Reynolds PLC,2026-08-22,2026-08-23,unmatched
PMT-000351,FILE-0001,REF-M-0351,165.71,USD,inbound,Moreno-Hopkins,2026-08-18,2026-08-18,unmatched
PMT-000352,FILE-0001,REF-M-0352,2471.75,USD,inbound,"Lynn, Daniel and Mendoza",2026-08-01,2026-08-02,unmatched
PMT-000353,FILE-0001,REF-M-0353,344.09,USD,inbound,Andrade-Wright,2026-08-06,2026-08-07,unmatched
PMT-000354,FILE-0001,REF-M-0354,2107.34,USD,inbound,Collier-Torres,2026-08-01,2026-08-02,unmatched
PMT-000355,FILE-0001,REF-M-0355,2018.65,USD,inbound,"Ramos, Silva and Parsons",2026-08-28,2026-08-28,unmatched
PMT-000356,FILE-0001,REF-M-0356,230.0,USD,inbound,"Murillo, Patrick and Chen",2026-08-20,2026-08-20,unmatched
PMT-000357,FILE-0001,REF-M-0357,2403.92,USD,inbound,Erickson Group,2026-08-28,2026-08-29,unmatched
PMT-000358,FILE-0001,REF-M-0358,261.09,USD,inbound,"Maxwell, Valdez and Howell",2026-08-19,2026-08-20,unmatched
PMT-000359,FILE-0001,REF-M-0359,1149.3,USD,inbound,"Horne, Byrd and Jackson",2026-08-21,2026-08-22,unmatched
PMT-000360,FILE-0001,REF-M-0360,2057.23,USD,inbound,Smith-Nelson,2026-08-09,2026-08-10,unmatched
PMT-000361,FILE-0001,REF-M-0361,270.37,USD,inbound,"Dyer, Guzman and Stanley",2026-08-14,2026-08-14,unmatched
PMT-000362,FILE-0001,REF-M-0362,1915.36,USD,inbound,Harper-Kelly,2026-08-25,2026-08-25,unmatched
PMT-000363,FILE-0001,REF-M-0363,2011.97,USD,inbound,"Perez, Myers and Monroe",2026-08-18,2026-08-19,unmatched
PMT-000364,FILE-0001,REF-M-0364,351.75,USD,inbound,Stewart Group,2026-08-08,2026-08-08,unmatched
PMT-000365,FILE-0001,REF-M-0365,1781.44,USD,inbound,Roberts-Ramirez,2026-08-15,2026-08-16,unmatched
PMT-000366,FILE-0001,REF-M-0366,1343.43,USD,inbound,"Cook, Gonzalez and Kane",2026-08-27,2026-08-27,unmatched
PMT-000367,FILE-0001,REF-M-0367,1684.02,USD,inbound,"Serrano, Woodard and Brewer",2026-08-27,2026-08-27,unmatched
PMT-000368,FILE-0001,REF-M-0368,2049.62,USD,inbound,Fowler-Vasquez,2026-08-25,2026-08-26,unmatched
PMT-000369,FILE-0001,REF-M-0369,1485.74,USD,inbound,Johnston-Watts,2026-08-26,2026-08-26,unmatched
PMT-000370,FILE-0001,REF-M-0370,2067.2,USD,inbound,"Arnold, Moore and Beck",2026-08-24,2026-08-25,unmatched
PMT-000371,FILE-0001,REF-M-0371,1782.8,USD,inbound,Dixon and Sons,2026-08-14,2026-08-14,unmatched
PMT-000372,FILE-0001,REF-M-0372,33.91,USD,inbound,Roach-Garcia,2026-08-12,2026-08-12,unmatched
PMT-000373,FILE-0001,REF-M-0373,1230.07,USD,inbound,Johnson-Liu,2026-08-17,2026-08-18,unmatched
PMT-000374,FILE-0001,REF-M-0374,274.03,USD,inbound,"Davis, Johnson and Haley",2026-08-09,2026-08-09,unmatched
PMT-000375,FILE-0001,REF-M-0375,838.74,USD,inbound,Moon-Williams,2026-08-05,2026-08-05,unmatched
PMT-000376,FILE-0001,REF-M-0376,1375.19,USD,inbound,"Smith, Lambert and Downs",2026-08-20,2026-08-20,unmatched
PMT-000377,FILE-0001,REF-M-0377,1530.62,USD,inbound,"Keller, Brown and Wilson",2026-08-04,2026-08-04,unmatched
PMT-000378,FILE-0001,REF-M-0378,685.37,USD,inbound,Olson-Mclaughlin,2026-08-29,2026-08-29,unmatched
PMT-000379,FILE-0001,REF-M-0379,1295.68,USD,inbound,"Anderson, Alexander and Parker",2026-08-11,2026-08-11,unmatched
PMT-000380,FILE-0001,REF-M-0380,1331.27,USD,inbound,Melendez LLC,2026-08-03,2026-08-04,unmatched
PMT-000381,FILE-0001,REF-M-0381,1471.01,USD,inbound,Pierce Group,2026-08-23,2026-08-24,unmatched
PMT-000382,FILE-0001,REF-M-0382,978.24,USD,inbound,Fry LLC,2026-08-04,2026-08-04,unmatched
PMT-000383,FILE-0001,REF-M-0383,1143.99,USD,inbound,Smith-Thompson,2026-08-23,2026-08-23,unmatched
PMT-000384,FILE-0001,REF-M-0384,1792.48,USD,inbound,"Case, Morales and Freeman",2026-08-11,2026-08-12,unmatched
PMT-000385,FILE-0001,REF-M-0385,1725.45,USD,inbound,Stewart and Sons,2026-08-26,2026-08-27,unmatched
PMT-000386,FILE-0001,REF-M-0386,2313.59,USD,inbound,"Smith, Jones and Mendez",2026-08-04,2026-08-05,unmatched
PMT-000387,FILE-0001,REF-M-0387,249.76,USD,inbound,"Rivers, Nichols and Foster",2026-08-09,2026-08-09,unmatched
PMT-000388,FILE-0001,REF-M-0388,1883.09,USD,inbound,"Williamson, Campbell and Terrell",2026-08-14,2026-08-15,unmatched
PMT-000389,FILE-0001,REF-M-0389,851.23,USD,inbound,Adams Inc,2026-08-12,2026-08-13,unmatched
PMT-000390,FILE-0001,REF-M-0390,671.13,USD,inbound,Massey LLC,2026-08-28,2026-08-29,unmatched
PMT-000391,FILE-0001,REF-M-0391,1110.34,USD,inbound,Murray-Williams,2026-08-17,2026-08-17,unmatched
PMT-000392,FILE-0001,REF-M-0392,572.07,USD,inbound,"Smith, Johnson and Hardy",2026-08-18,2026-08-19,unmatched
PMT-000393,FILE-0001,REF-M-0393,1318.64,USD,inbound,"Williams, Cook and Watson",2026-08-20,2026-08-20,unmatched
PMT-000394,FILE-0001,REF-M-0394,754.03,USD,inbound,Moses-Obrien,2026-08-28,2026-08-29,unmatched
PMT-000395,FILE-0001,REF-M-0395,2092.4,USD,inbound,Rios-Suarez,2026-08-09,2026-08-10,unmatched
PMT-000396,FILE-0001,REF-M-0396,1369.11,USD,inbound,Smith-Harris,2026-08-29,2026-08-30,unmatched
PMT-000397,FILE-0001,REF-M-0397,739.47,USD,inbound,"Serrano, Lloyd and Combs",2026-08-11,2026-08-11,unmatched
PMT-000398,FILE-0001,REF-M-0398,1721.45,USD,inbound,Lopez LLC,2026-08-11,2026-08-12,unmatched
PMT-000399,FILE-0001,REF-M-0399,547.0,USD,inbound,Cardenas and Sons,2026-08-13,2026-08-13,unmatched
PMT-000400,FILE-0001,REF-M-0400,128.09,USD,inbound,Garrett-Zuniga,2026-08-23,2026-08-23,unmatched
PMT-000401,FILE-0001,REF-M-0401,1943.65,USD,inbound,Thompson-Fitzpatrick,2026-08-16,2026-08-16,unmatched
PMT-000402,FILE-0001,REF-M-0402,2010.67,USD,inbound,"Evans, Reed and Cummings",2026-08-26,2026-08-26,unmatched
PMT-000403,FILE-0001,REF-M-0403,2441.57,USD,inbound,Burton Ltd,2026-08-26,2026-08-26,unmatched
PMT-000404,FILE-0001,REF-M-0404,746.83,USD,inbound,Brooks LLC,2026-08-22,2026-08-22,unmatched
PMT-000405,FILE-0001,REF-M-0405,1223.07,USD,inbound,"Sandoval, Reed and Gonzalez",2026-08-25,2026-08-25,unmatched
PMT-000406,FILE-0001,REF-M-0406,1436.51,USD,inbound,Freeman-Walters,2026-08-06,2026-08-06,unmatched
PMT-000407,FILE-0001,REF-M-0407,998.02,USD,inbound,Koch Inc,2026-08-21,2026-08-22,unmatched
PMT-000408,FILE-0001,REF-M-0408,304.07,USD,inbound,Cohen and Sons,2026-08-25,2026-08-26,unmatched
PMT-000409,FILE-0001,REF-M-0409,1825.42,USD,inbound,Sweeney and Sons,2026-08-19,2026-08-20,unmatched
PMT-000410,FILE-0001,REF-M-0410,341.16,USD,inbound,Weaver-Villegas,2026-08-20,2026-08-20,unmatched
PMT-000411,FILE-0001,REF-M-0411,364.8,USD,inbound,"Lam, Smith and Dennis",2026-08-04,2026-08-04,unmatched
PMT-000412,FILE-0001,REF-M-0412,940.32,USD,inbound,"Rivera, Page and Hill",2026-08-19,2026-08-19,unmatched
PMT-000413,FILE-0001,REF-M-0413,692.71,USD,inbound,Jackson Ltd,2026-08-25,2026-08-26,unmatched
PMT-000414,FILE-0001,REF-M-0414,112.74,USD,inbound,Garcia and Sons,2026-08-02,2026-08-03,unmatched
PMT-000415,FILE-0001,REF-M-0415,938.67,USD,inbound,Davis Inc,2026-08-19,2026-08-19,unmatched
PMT-000416,FILE-0001,REF-M-0416,417.77,USD,inbound,Davis Inc,2026-08-06,2026-08-07,unmatched
PMT-000417,FILE-0001,REF-M-0417,2057.72,USD,inbound,"Newton, Garcia and Pratt",2026-08-13,2026-08-14,unmatched
PMT-000418,FILE-0001,REF-M-0418,807.85,USD,inbound,Stewart Ltd,2026-08-25,2026-08-26,unmatched
PMT-000419,FILE-0001,REF-M-0419,1608.75,USD,inbound,"Chandler, Carr and Smith",2026-08-03,2026-08-03,unmatched
PMT-000420,FILE-0001,REF-M-0420,469.99,USD,inbound,Williams-Perez,2026-08-26,2026-08-26,unmatched
PMT-000421,FILE-0001,REF-M-0421,1303.34,USD,inbound,Wall-Gonzalez,2026-08-29,2026-08-29,unmatched
PMT-000422,FILE-0001,REF-M-0422,1623.65,USD,inbound,"Johnston, Hall and Ray",2026-08-19,2026-08-20,unmatched
PMT-000423,FILE-0001,REF-M-0423,1194.88,USD,inbound,"Wilson, Griffin and Whitaker",2026-08-03,2026-08-03,unmatched
PMT-000424,FILE-0001,REF-M-0424,519.22,USD,inbound,Fritz-Wilson,2026-08-08,2026-08-09,unmatched
PMT-000425,FILE-0001,REF-M-0425,398.96,USD,inbound,Pham-Knapp,2026-08-08,2026-08-09,unmatched
PMT-000426,FILE-0001,REF-M-0426,2219.9,USD,inbound,Freeman Ltd,2026-08-28,2026-08-29,unmatched
PMT-000427,FILE-0001,REF-M-0427,1098.66,USD,inbound,Clark Group,2026-08-14,2026-08-15,unmatched
PMT-000428,FILE-0001,REF-M-0428,1377.37,USD,inbound,Shaw-Smith,2026-08-13,2026-08-13,unmatched
PMT-000429,FILE-0001,REF-M-0429,1941.57,USD,inbound,"Austin, Thomas and Lee",2026-08-14,2026-08-14,unmatched
PMT-000430,FILE-0001,REF-M-0430,1423.87,USD,inbound,Singh-Fuller,2026-08-26,2026-08-26,unmatched
PMT-000431,FILE-0001,REF-M-0431,2120.18,USD,inbound,"Walsh, Herman and Lewis",2026-08-03,2026-08-03,unmatched
PMT-000432,FILE-0001,REF-M-0432,871.22,USD,inbound,Rodriguez Inc,2026-08-17,2026-08-18,unmatched
PMT-000433,FILE-0001,REF-M-0433,822.33,USD,inbound,Mcdonald-Evans,2026-08-29,2026-08-29,unmatched
PMT-000434,FILE-0001,REF-M-0434,608.92,USD,inbound,"Flores, Hart and Williams",2026-08-26,2026-08-27,unmatched
PMT-000435,FILE-0001,REF-M-0435,1666.19,USD,inbound,Mcdonald-Garcia,2026-08-22,2026-08-23,unmatched
PMT-000436,FILE-0001,REF-M-0436,1464.63,USD,inbound,"Jimenez, Carr and Hunt",2026-08-28,2026-08-29,unmatched
PMT-000437,FILE-0001,REF-M-0437,177.61,USD,inbound,"Hines, Savage and Hernandez",2026-08-22,2026-08-22,unmatched
PMT-000438,FILE-0001,REF-M-0438,1221.26,USD,inbound,Arias LLC,2026-08-10,2026-08-10,unmatched
PMT-000439,FILE-0001,REF-M-0439,1671.74,USD,inbound,"Wilson, Rodriguez and Wallace",2026-08-01,2026-08-02,unmatched
PMT-000440,FILE-0001,REF-M-0440,1100.86,USD,inbound,Jordan LLC,2026-08-12,2026-08-12,unmatched
PMT-000441,FILE-0001,REF-M-0441,832.97,USD,inbound,Zuniga Group,2026-08-23,2026-08-24,unmatched
PMT-000442,FILE-0001,REF-M-0442,1342.12,USD,inbound,"Hughes, Bishop and Williams",2026-08-26,2026-08-27,unmatched
PMT-000443,FILE-0001,REF-M-0443,1019.07,USD,inbound,Schroeder LLC,2026-08-09,2026-08-10,unmatched
PMT-000444,FILE-0001,REF-M-0444,1332.87,USD,inbound,Campbell-Hopkins,2026-08-21,2026-08-21,unmatched
PMT-000445,FILE-0001,REF-M-0445,589.46,USD,inbound,"Copeland, Barrett and Macias",2026-08-05,2026-08-05,unmatched
PMT-000446,FILE-0001,REF-M-0446,1783.61,USD,inbound,Kelly Group,2026-08-30,2026-08-30,unmatched
PMT-000447,FILE-0001,REF-M-0447,1562.58,USD,inbound,Neal LLC,2026-08-26,2026-08-27,unmatched
PMT-000448,FILE-0001,REF-M-0448,1655.72,USD,inbound,Lucas-Williams,2026-08-09,2026-08-09,unmatched
PMT-000449,FILE-0001,REF-M-0449,1097.38,USD,inbound,"Dickerson, Hardy and Wood",2026-08-13,2026-08-14,unmatched
PMT-000450,FILE-0001,REF-M-0450,45.05,USD,inbound,"Roberts, Wilkerson and Williams",2026-08-16,2026-08-16,unmatched
PMT-000451,FILE-0001,REF-M-0451,1163.15,USD,inbound,Gallegos and Sons,2026-08-02,2026-08-02,unmatched
PMT-000452,FILE-0001,REF-M-0452,930.28,USD,inbound,Griffin Inc,2026-08-29,2026-08-29,unmatched
PMT-000453,FILE-0001,REF-M-0453,1847.53,USD,inbound,"Jacobs, Sanders and Romero",2026-08-07,2026-08-07,unmatched
PMT-000454,FILE-0001,REF-M-0454,393.9,USD,inbound,Burns-Maxwell,2026-08-23,2026-08-23,unmatched
PMT-000455,FILE-0001,REF-M-0455,2415.33,USD,inbound,Schroeder-Brandt,2026-08-18,2026-08-18,unmatched
PMT-000456,FILE-0001,REF-M-0456,1362.06,USD,inbound,"Miller, Moran and Thomas",2026-08-19,2026-08-20,unmatched
PMT-000457,FILE-0001,REF-M-0457,1997.3,USD,inbound,"Richardson, Scott and Foster",2026-08-13,2026-08-14,unmatched
PMT-000458,FILE-0001,REF-M-0458,1634.75,USD,inbound,Quinn LLC,2026-08-16,2026-08-17,unmatched
PMT-000459,FILE-0001,REF-M-0459,1869.33,USD,inbound,Turner Inc,2026-08-27,2026-08-28,unmatched
PMT-000460,FILE-0001,REF-M-0460,1112.68,USD,inbound,"Buckley, Taylor and Salas",2026-08-12,2026-08-12,unmatched
PMT-000461,FILE-0001,REF-M-0461,1122.16,USD,inbound,Harvey LLC,2026-08-28,2026-08-28,unmatched
PMT-000462,FILE-0001,REF-M-0462,382.7,USD,inbound,Hayes Inc,2026-08-11,2026-08-12,unmatched
PMT-000463,FILE-0001,REF-M-0463,478.71,USD,inbound,Douglas-Cisneros,2026-08-18,2026-08-19,unmatched
PMT-000464,FILE-0001,REF-M-0464,1045.57,USD,inbound,"Baker, Brooks and Davis",2026-08-22,2026-08-22,unmatched
PMT-000465,FILE-0001,REF-M-0465,902.24,USD,inbound,Lewis-Riley,2026-08-13,2026-08-13,unmatched
PMT-000466,FILE-0001,REF-M-0466,981.21,USD,inbound,Vasquez-Pena,2026-08-27,2026-08-28,unmatched
PMT-000467,FILE-0001,REF-M-0467,354.14,USD,inbound,Olson Inc,2026-08-12,2026-08-12,unmatched
PMT-000468,FILE-0001,REF-M-0468,1894.8,USD,inbound,Kelley-Hill,2026-08-02,2026-08-02,unmatched
PMT-000469,FILE-0001,REF-M-0469,1170.94,USD,inbound,"Mcguire, Johnson and Williams",2026-08-25,2026-08-25,unmatched
PMT-000470,FILE-0001,REF-M-0470,2124.81,USD,inbound,Foster-Dougherty,2026-08-23,2026-08-23,unmatched
PMT-000471,FILE-0001,REF-M-0471,1508.73,USD,inbound,"Sullivan, Brown and Munoz",2026-08-22,2026-08-22,unmatched
PMT-000472,FILE-0001,REF-M-0472,1173.75,USD,inbound,Wilkerson-Smith,2026-08-26,2026-08-26,unmatched
PMT-000473,FILE-0001,REF-M-0473,2305.57,USD,inbound,"Miller, Campbell and Rodriguez",2026-08-11,2026-08-11,unmatched
PMT-000474,FILE-0001,REF-M-0474,1260.07,USD,inbound,Snow-Owen,2026-08-25,2026-08-25,unmatched
PMT-000475,FILE-0001,REF-M-0475,451.84,USD,inbound,"Mcgee, Beck and Patton",2026-08-01,2026-08-01,unmatched
PMT-000476,FILE-0001,REF-M-0476,2270.72,USD,inbound,Chavez Ltd,2026-08-04,2026-08-05,unmatched
PMT-000477,FILE-0001,REF-M-0477,1993.76,USD,inbound,"Banks, Bradley and Nguyen",2026-08-05,2026-08-05,unmatched
PMT-000478,FILE-0001,REF-M-0478,771.23,USD,inbound,Murray Ltd,2026-08-24,2026-08-24,unmatched
PMT-000479,FILE-0001,REF-M-0479,1716.73,USD,inbound,Davis-Wilson,2026-08-29,2026-08-29,unmatched
PMT-000480,FILE-0001,REF-M-0480,859.67,USD,inbound,Paul-Stafford,2026-08-17,2026-08-17,unmatched
PMT-000481,FILE-0001,REF-M-0481,204.88,USD,inbound,"Strickland, Buchanan and Castillo",2026-08-02,2026-08-03,unmatched
PMT-000482,FILE-0001,REF-M-0482,733.73,USD,inbound,Sanders-Moore,2026-08-17,2026-08-18,unmatched
PMT-000483,FILE-0001,REF-M-0483,421.27,USD,inbound,Bruce-Rose,2026-08-23,2026-08-24,unmatched
PMT-000484,FILE-0001,REF-M-0484,1250.42,USD,inbound,"Morrison, Reyes and Gardner",2026-08-21,2026-08-22,unmatched
PMT-000485,FILE-0001,REF-M-0485,522.05,USD,inbound,Williams Group,2026-08-10,2026-08-11,unmatched
PMT-000486,FILE-0001,REF-M-0486,1194.77,USD,inbound,Kaufman LLC,2026-08-14,2026-08-14,unmatched
PMT-000487,FILE-0001,REF-M-0487,607.19,USD,inbound,"Anderson, King and Carlson",2026-08-11,2026-08-12,unmatched
PMT-000488,FILE-0001,REF-M-0488,1061.31,USD,inbound,Sweeney Ltd,2026-08-15,2026-08-15,unmatched
PMT-000489,FILE-0001,REF-M-0489,359.42,USD,inbound,Rose-Knox,2026-08-23,2026-08-24,unmatched
PMT-000490,FILE-0001,REF-M-0490,2029.39,USD,inbound,Johnson Ltd,2026-08-23,2026-08-24,unmatched
PMT-000491,FILE-0001,REF-M-0491,597.94,USD,inbound,"Ingram, Flores and Henderson",2026-08-19,2026-08-20,unmatched
PMT-000492,FILE-0001,REF-M-0492,202.12,USD,inbound,Stewart LLC,2026-08-09,2026-08-09,unmatched
PMT-000493,FILE-0001,REF-M-0493,1510.26,USD,inbound,"Harper, Martinez and Nelson",2026-08-22,2026-08-23,unmatched
PMT-000494,FILE-0001,REF-M-0494,523.02,USD,inbound,Butler-Valencia,2026-08-09,2026-08-10,unmatched
PMT-000495,FILE-0001,REF-M-0495,895.73,USD,inbound,Steele PLC,2026-08-13,2026-08-13,unmatched
PMT-000496,FILE-0001,REF-M-0496,1841.27,USD,inbound,Durham-Green,2026-08-29,2026-08-30,unmatched
PMT-000497,FILE-0001,REF-M-0497,1363.21,USD,inbound,Oconnor-Kaufman,2026-08-25,2026-08-26,unmatched
PMT-000498,FILE-0001,REF-M-0498,61.64,USD,inbound,Barnes-Madden,2026-08-05,2026-08-05,unmatched
PMT-000499,FILE-0001,REF-M-0499,1250.56,USD,inbound,Daniel-Decker,2026-08-29,2026-08-29,unmatched
PMT-000500,FILE-0001,REF-M-0500,2245.13,USD,inbound,"Torres, Green and Molina",2026-08-19,2026-08-19,unmatched
PMT-000501,FILE-0001,REF-M-0501,1638.68,USD,inbound,Graves-White,2026-08-30,2026-08-31,unmatched
PMT-000502,FILE-0001,REF-M-0502,940.92,USD,inbound,"Johnson, Meyer and Prince",2026-08-05,2026-08-06,unmatched
PMT-000503,FILE-0001,REF-M-0503,301.62,USD,inbound,Stephens-Dunn,2026-08-10,2026-08-10,unmatched
PMT-000504,FILE-0001,REF-M-0504,2012.77,USD,inbound,Hall-Wilson,2026-08-10,2026-08-10,unmatched
PMT-000505,FILE-0001,REF-M-0505,1434.01,USD,inbound,Nichols PLC,2026-08-10,2026-08-11,unmatched
PMT-000506,FILE-0001,REF-M-0506,934.24,USD,inbound,Lawson-Barnett,2026-08-27,2026-08-28,unmatched
PMT-000507,FILE-0001,REF-M-0507,489.02,USD,inbound,Gibson-Ali,2026-08-11,2026-08-12,unmatched
PMT-000508,FILE-0001,REF-M-0508,346.75,USD,inbound,"Murray, Jones and Murphy",2026-08-25,2026-08-26,unmatched
PMT-000509,FILE-0001,REF-M-0509,881.43,USD,inbound,"Jones, Green and Acosta",2026-08-13,2026-08-14,unmatched
PMT-000510,FILE-0001,REF-M-0510,978.28,USD,inbound,Hernandez LLC,2026-08-08,2026-08-09,unmatched
PMT-000511,FILE-0001,REF-M-0511,595.98,USD,inbound,Wilcox LLC,2026-08-10,2026-08-10,unmatched
PMT-000512,FILE-0001,REF-M-0512,1226.65,USD,inbound,Padilla-Sellers,2026-08-09,2026-08-10,unmatched
PMT-000513,FILE-0001,REF-M-0513,1427.08,USD,inbound,"Ingram, Aguilar and Greene",2026-08-15,2026-08-16,unmatched
PMT-000514,FILE-0001,REF-M-0514,1451.24,USD,inbound,Contreras Inc,2026-08-03,2026-08-04,unmatched
PMT-000515,FILE-0001,REF-M-0515,1412.37,USD,inbound,Torres-Smith,2026-08-19,2026-08-20,unmatched
PMT-000516,FILE-0001,REF-M-0516,1865.35,USD,inbound,"Kelley, Moreno and Nixon",2026-08-30,2026-08-30,unmatched
PMT-000517,FILE-0001,REF-M-0517,1457.07,USD,inbound,Roth-Rocha,2026-08-09,2026-08-10,unmatched
PMT-000518,FILE-0001,REF-M-0518,2207.85,USD,inbound,"Johnson, Robinson and Garcia",2026-08-24,2026-08-25,unmatched
PMT-000519,FILE-0001,REF-M-0519,2401.73,USD,inbound,"Edwards, Steele and Jennings",2026-08-25,2026-08-25,unmatched
PMT-000520,FILE-0001,REF-M-0520,328.29,USD,inbound,"Johnson, Miller and Bryant",2026-08-16,2026-08-17,unmatched
PMT-000521,FILE-0001,REF-M-0521,115.86,USD,inbound,"Bishop, Cole and Miller",2026-08-08,2026-08-08,unmatched
PMT-000522,FILE-0001,REF-M-0522,964.87,USD,inbound,"Porter, Ruiz and Kim",2026-08-05,2026-08-06,unmatched
PMT-000523,FILE-0001,REF-M-0523,735.75,USD,inbound,Weber-Stephenson,2026-08-09,2026-08-09,unmatched
PMT-000524,FILE-0001,REF-M-0524,2091.13,USD,inbound,Oneill Inc,2026-08-21,2026-08-22,unmatched
PMT-000525,FILE-0001,REF-M-0525,2159.69,USD,inbound,"Rodriguez, Johnson and Cohen",2026-08-03,2026-08-04,unmatched
PMT-000526,FILE-0001,REF-M-0526,2243.35,USD,inbound,"Glover, Vega and Mcbride",2026-08-01,2026-08-02,unmatched
PMT-000527,FILE-0001,REF-M-0527,1423.64,USD,inbound,"Reilly, Munoz and Watts",2026-08-22,2026-08-22,unmatched
PMT-000528,FILE-0001,REF-M-0528,1292.09,USD,inbound,Johnson-Johnson,2026-08-26,2026-08-27,unmatched
PMT-000529,FILE-0001,REF-M-0529,1949.32,USD,inbound,"Gonzalez, Rodriguez and White",2026-08-23,2026-08-24,unmatched
PMT-000530,FILE-0001,REF-M-0530,1067.55,USD,inbound,"Jenkins, Ochoa and King",2026-08-01,2026-08-02,unmatched
PMT-000531,FILE-0001,REF-M-0531,392.79,USD,inbound,Gilbert Inc,2026-08-19,2026-08-19,unmatched
PMT-000532,FILE-0001,REF-M-0532,990.86,USD,inbound,Friedman Inc,2026-08-27,2026-08-28,unmatched
PMT-000533,FILE-0001,REF-M-0533,2333.6,USD,inbound,"Pratt, Mcdaniel and Williams",2026-08-01,2026-08-02,unmatched
PMT-000534,FILE-0001,REF-M-0534,1655.98,USD,inbound,"Roberts, Ray and Olson",2026-08-03,2026-08-03,unmatched
PMT-000535,FILE-0001,REF-M-0535,1083.86,USD,inbound,"Gross, Jennings and Jimenez",2026-08-15,2026-08-15,unmatched
PMT-000536,FILE-0001,REF-M-0536,1172.35,USD,inbound,Johnson-Moore,2026-08-03,2026-08-04,unmatched
PMT-000537,FILE-0001,REF-M-0537,422.9,USD,inbound,West Group,2026-08-18,2026-08-18,unmatched
PMT-000538,FILE-0001,REF-M-0538,2337.03,USD,inbound,"Mcknight, Stone and Rojas",2026-08-05,2026-08-06,unmatched
PMT-000539,FILE-0001,REF-M-0539,1902.5,USD,inbound,Gibbs Inc,2026-08-24,2026-08-24,unmatched
PMT-000540,FILE-0001,REF-M-0540,1227.87,USD,inbound,"Collier, Rodriguez and Farrell",2026-08-03,2026-08-04,unmatched
PMT-000541,FILE-0001,REF-M-0541,1274.02,USD,inbound,"Ryan, Johnson and Ramirez",2026-08-05,2026-08-06,unmatched
PMT-000542,FILE-0001,REF-M-0542,819.55,USD,inbound,Price Group,2026-08-03,2026-08-04,unmatched
PMT-000543,FILE-0001,REF-M-0543,1074.47,USD,inbound,Jacobs-Jones,2026-08-22,2026-08-23,unmatched
PMT-000544,FILE-0001,REF-M-0544,1804.49,USD,inbound,Smith-Berry,2026-08-26,2026-08-27,unmatched
PMT-000545,FILE-0001,REF-M-0545,697.1,USD,inbound,"Mann, Palmer and Gregory",2026-08-25,2026-08-26,unmatched
PMT-000546,FILE-0001,REF-M-0546,1352.11,USD,inbound,"Shelton, Benson and Elliott",2026-08-12,2026-08-13,unmatched
PMT-000547,FILE-0001,REF-M-0547,115.33,USD,inbound,James-Martin,2026-08-22,2026-08-23,unmatched
PMT-000548,FILE-0001,REF-M-0548,2132.6,USD,inbound,Carter and Sons,2026-08-02,2026-08-02,unmatched
PMT-000549,FILE-0001,REF-M-0549,1613.86,USD,inbound,"Vargas, Wong and Smith",2026-08-19,2026-08-20,unmatched
PMT-000550,FILE-0001,REF-M-0550,1567.49,USD,inbound,Gallegos LLC,2026-08-09,2026-08-09,unmatched
PMT-000551,FILE-0001,REF-M-0551,720.08,USD,inbound,Hatfield PLC,2026-08-02,2026-08-03,unmatched
PMT-000552,FILE-0001,REF-M-0552,2409.83,USD,inbound,Sellers-Herrera,2026-08-14,2026-08-14,unmatched
PMT-000553,FILE-0001,REF-M-0553,1587.06,USD,inbound,King-Gomez,2026-08-18,2026-08-18,unmatched
PMT-000554,FILE-0001,REF-M-0554,932.64,USD,inbound,"Obrien, Fisher and Love",2026-08-27,2026-08-27,unmatched
PMT-000555,FILE-0001,REF-M-0555,283.02,USD,inbound,"Randall, Grimes and Myers",2026-08-04,2026-08-05,unmatched
PMT-000556,FILE-0001,REF-M-0556,2344.92,USD,inbound,Solis-Calderon,2026-08-28,2026-08-28,unmatched
PMT-000557,FILE-0001,REF-M-0557,693.79,USD,inbound,Murphy Inc,2026-08-20,2026-08-20,unmatched
PMT-000558,FILE-0001,REF-M-0558,51.16,USD,inbound,Rowe Group,2026-08-02,2026-08-02,unmatched
PMT-000559,FILE-0001,REF-M-0559,1271.32,USD,inbound,Clark-Gonzalez,2026-08-05,2026-08-05,unmatched
PMT-000560,FILE-0001,REF-M-0560,450.65,USD,inbound,"Brown, Stafford and Jones",2026-08-05,2026-08-06,unmatched
PMT-000561,FILE-0001,REF-M-0561,2477.11,USD,inbound,Peters-Chapman,2026-08-17,2026-08-17,unmatched
PMT-000562,FILE-0001,REF-M-0562,631.51,USD,inbound,"Boone, Wilson and Villegas",2026-08-27,2026-08-28,unmatched
PMT-000563,FILE-0001,REF-M-0563,1061.37,USD,inbound,Cummings-Graves,2026-08-01,2026-08-02,unmatched
PMT-000564,FILE-0001,REF-M-0564,1976.94,USD,inbound,Shelton PLC,2026-08-08,2026-08-08,unmatched
PMT-000565,FILE-0001,REF-M-0565,1448.23,USD,inbound,"Miller, Peterson and Lester",2026-08-26,2026-08-27,unmatched
PMT-000566,FILE-0001,REF-M-0566,2197.24,USD,inbound,Meza Ltd,2026-08-12,2026-08-13,unmatched
PMT-000567,FILE-0001,REF-M-0567,790.74,USD,inbound,Morrow Inc,2026-08-02,2026-08-02,unmatched
PMT-000568,FILE-0001,REF-M-0568,1091.34,USD,inbound,Leonard-Beard,2026-08-09,2026-08-10,unmatched
PMT-000569,FILE-0001,REF-M-0569,1544.43,USD,inbound,Gomez Group,2026-08-20,2026-08-20,unmatched
PMT-000570,FILE-0001,REF-M-0570,1013.29,USD,inbound,"Sanford, Ray and Pena",2026-08-01,2026-08-02,unmatched
PMT-000571,FILE-0001,REF-M-0571,1381.12,USD,inbound,"Jackson, Smith and Benjamin",2026-08-21,2026-08-22,unmatched
PMT-000572,FILE-0001,REF-M-0572,2467.64,USD,inbound,"Zimmerman, Spears and Moore",2026-08-28,2026-08-29,unmatched
PMT-000573,FILE-0001,REF-M-0573,909.0,USD,inbound,"Lucas, Young and Gomez",2026-08-13,2026-08-13,unmatched
PMT-000574,FILE-0001,REF-M-0574,565.8,USD,inbound,"Werner, Reynolds and Pace",2026-08-14,2026-08-14,unmatched
PMT-000575,FILE-0001,REF-M-0575,2394.84,USD,inbound,Campbell and Sons,2026-08-06,2026-08-07,unmatched
PMT-000576,FILE-0001,REF-M-0576,2471.34,USD,inbound,"Johnson, Evans and Stevens",2026-08-06,2026-08-07,unmatched
PMT-000577,FILE-0001,REF-M-0577,1651.57,USD,inbound,Smith-Malone,2026-08-15,2026-08-16,unmatched
PMT-000578,FILE-0001,REF-M-0578,552.69,USD,inbound,Dawson Inc,2026-08-06,2026-08-07,unmatched
PMT-000579,FILE-0001,REF-M-0579,2341.36,USD,inbound,Nichols-Anderson,2026-08-20,2026-08-21,unmatched
PMT-000580,FILE-0001,REF-M-0580,852.45,USD,inbound,"Franklin, Martinez and Davila",2026-08-29,2026-08-30,unmatched
PMT-000581,FILE-0001,REF-M-0581,37.0,USD,inbound,Yang-Morris,2026-08-02,2026-08-03,unmatched
PMT-000582,FILE-0001,REF-M-0582,926.92,USD,inbound,"Roberson, Hickman and Williamson",2026-08-30,2026-08-31,unmatched
PMT-000583,FILE-0001,REF-M-0583,1800.39,USD,inbound,Arnold-Adams,2026-08-01,2026-08-02,unmatched
PMT-000584,FILE-0001,REF-M-0584,732.75,USD,inbound,Wilson-Davis,2026-08-16,2026-08-16,unmatched
PMT-000585,FILE-0001,REF-M-0585,2235.2,USD,inbound,Ward and Sons,2026-08-15,2026-08-16,unmatched
PMT-000586,FILE-0001,REF-M-0586,2115.7,USD,inbound,"Lara, Grant and Leach",2026-08-27,2026-08-28,unmatched
PMT-000587,FILE-0001,REF-M-0587,127.24,USD,inbound,Gilbert Ltd,2026-08-28,2026-08-28,unmatched
PMT-000588,FILE-0001,REF-M-0588,352.84,USD,inbound,Rodriguez-Salazar,2026-08-26,2026-08-27,unmatched
PMT-000589,FILE-0001,REF-M-0589,971.42,USD,inbound,Mccullough-Clark,2026-08-18,2026-08-18,unmatched
PMT-000590,FILE-0001,REF-M-0590,1667.02,USD,inbound,Johnson-Stewart,2026-08-21,2026-08-22,unmatched
PMT-000591,FILE-0001,REF-M-0591,444.53,USD,inbound,Smith Ltd,2026-08-05,2026-08-05,unmatched
PMT-000592,FILE-0001,REF-M-0592,1250.28,USD,inbound,Reed LLC,2026-08-11,2026-08-12,unmatched
PMT-000593,FILE-0001,REF-M-0593,1189.58,USD,inbound,Torres-Garrett,2026-08-04,2026-08-05,unmatched
PMT-000594,FILE-0001,REF-M-0594,54.75,USD,inbound,"Lindsey, Colon and Park",2026-08-30,2026-08-30,unmatched
PMT-000595,FILE-0001,REF-M-0595,576.88,USD,inbound,Ballard Ltd,2026-08-01,2026-08-02,unmatched
PMT-000596,FILE-0001,REF-M-0596,1806.38,USD,inbound,"Gillespie, Acosta and Sweeney",2026-08-21,2026-08-22,unmatched
PMT-000597,FILE-0001,REF-M-0597,645.61,USD,inbound,Espinoza-Watson,2026-08-22,2026-08-22,unmatched
PMT-000598,FILE-0001,REF-M-0598,2088.31,USD,inbound,Lawrence-Anthony,2026-08-19,2026-08-20,unmatched
PMT-000599,FILE-0001,REF-M-0599,1454.75,USD,inbound,Smith LLC,2026-08-07,2026-08-07,unmatched
PMT-000600,FILE-0001,REF-M-0600,728.58,USD,inbound,Dean-Cooper,2026-08-06,2026-08-07,unmatched
PMT-000601,FILE-0001,REF-M-0601,949.77,USD,inbound,Quinn-Jones,2026-08-26,2026-08-27,unmatched
PMT-000602,FILE-0001,REF-M-0602,1071.43,USD,inbound,Gross and Sons,2026-08-08,2026-08-08,unmatched
PMT-000603,FILE-0001,REF-M-0603,523.83,USD,inbound,Sanders-Anderson,2026-08-20,2026-08-21,unmatched
PMT-000604,FILE-0001,REF-M-0604,780.83,USD,inbound,Nunez-Little,2026-08-10,2026-08-10,unmatched
PMT-000605,FILE-0001,REF-M-0605,735.84,USD,inbound,Johnson Inc,2026-08-28,2026-08-29,unmatched
PMT-000606,FILE-0001,REF-M-0606,1512.11,USD,inbound,"Watson, Hood and Price",2026-08-09,2026-08-09,unmatched
PMT-000607,FILE-0001,REF-M-0607,564.72,USD,inbound,Alexander-Miller,2026-08-10,2026-08-11,unmatched
PMT-000608,FILE-0001,REF-M-0608,875.38,USD,inbound,"Martin, Russo and Rojas",2026-08-07,2026-08-07,unmatched
PMT-000609,FILE-0001,REF-M-0609,1363.2,USD,inbound,"Moore, Castillo and Diaz",2026-08-05,2026-08-05,unmatched
PMT-000610,FILE-0001,REF-M-0610,1711.93,USD,inbound,Johnson PLC,2026-08-14,2026-08-15,unmatched
PMT-000611,FILE-0001,REF-M-0611,1824.48,USD,inbound,Pineda-Garcia,2026-08-24,2026-08-25,unmatched
PMT-000612,FILE-0001,REF-M-0612,1690.93,USD,inbound,Cannon and Sons,2026-08-06,2026-08-07,unmatched
PMT-000613,FILE-0001,REF-M-0613,894.17,USD,inbound,Cox-Hart,2026-08-29,2026-08-29,unmatched
PMT-000614,FILE-0001,REF-M-0614,934.18,USD,inbound,Guerra Group,2026-08-24,2026-08-25,unmatched
PMT-000615,FILE-0001,REF-M-0615,1505.15,USD,inbound,Martin and Sons,2026-08-29,2026-08-30,unmatched
PMT-000616,FILE-0001,REF-M-0616,1732.75,USD,inbound,Hurley-Hogan,2026-08-24,2026-08-24,unmatched
PMT-000617,FILE-0001,REF-M-0617,94.64,USD,inbound,Morrison Ltd,2026-08-24,2026-08-25,unmatched
PMT-000618,FILE-0001,REF-M-0618,1953.05,USD,inbound,House and Sons,2026-08-13,2026-08-14,unmatched
PMT-000619,FILE-0001,REF-M-0619,704.82,USD,inbound,Fischer Group,2026-08-16,2026-08-16,unmatched
PMT-000620,FILE-0001,REF-M-0620,1090.67,USD,inbound,Curtis and Sons,2026-08-21,2026-08-22,unmatched
PMT-000621,FILE-0001,REF-M-0621,139.97,USD,inbound,Campbell-Wong,2026-08-28,2026-08-29,unmatched
PMT-000622,FILE-0001,REF-M-0622,661.18,USD,inbound,Johnson-Beck,2026-08-15,2026-08-15,unmatched
PMT-000623,FILE-0001,REF-M-0623,396.97,USD,inbound,"Hernandez, Byrd and Dorsey",2026-08-10,2026-08-11,unmatched
PMT-000624,FILE-0001,REF-M-0624,176.11,USD,inbound,"Nelson, Ramirez and Greene",2026-08-11,2026-08-11,unmatched
PMT-000625,FILE-0001,REF-M-0625,1704.29,USD,inbound,"Berry, Mendoza and Oliver",2026-08-17,2026-08-18,unmatched
PMT-000626,FILE-0001,REF-M-0626,2458.01,USD,inbound,Coleman and Sons,2026-08-04,2026-08-04,unmatched
PMT-000627,FILE-0001,REF-M-0627,1945.27,USD,inbound,Stewart-Lee,2026-08-05,2026-08-05,unmatched
PMT-000628,FILE-0001,REF-M-0628,1285.05,USD,inbound,"Keith, Blake and Gonzalez",2026-08-11,2026-08-12,unmatched
PMT-000629,FILE-0001,REF-M-0629,1102.21,USD,inbound,Stark-Petersen,2026-08-30,2026-08-31,unmatched
PMT-000630,FILE-0001,REF-M-0630,1049.41,USD,inbound,King-Williams,2026-08-30,2026-08-30,unmatched
PMT-000631,FILE-0001,REF-M-0631,871.03,USD,inbound,"Morgan, Carter and Hernandez",2026-08-22,2026-08-22,unmatched
PMT-000632,FILE-0001,REF-M-0632,1565.39,USD,inbound,Rodriguez LLC,2026-08-08,2026-08-08,unmatched
PMT-000633,FILE-0001,REF-M-0633,17.6,USD,inbound,Glenn Inc,2026-08-18,2026-08-18,unmatched
PMT-000634,FILE-0001,REF-M-0634,1225.1,USD,inbound,Robinson-Davis,2026-08-05,2026-08-05,unmatched
PMT-000635,FILE-0001,REF-M-0635,1528.02,USD,inbound,Sims-Travis,2026-08-30,2026-08-31,unmatched
PMT-000636,FILE-0001,REF-M-0636,647.69,USD,inbound,Cook-Wade,2026-08-29,2026-08-29,unmatched
PMT-000637,FILE-0001,REF-M-0637,2425.11,USD,inbound,Hoffman-Taylor,2026-08-19,2026-08-20,unmatched
PMT-000638,FILE-0001,REF-M-0638,2410.24,USD,inbound,Peters-Collins,2026-08-06,2026-08-07,unmatched
PMT-000639,FILE-0001,REF-M-0639,418.24,USD,inbound,Brown-Powell,2026-08-08,2026-08-09,unmatched
PMT-000640,FILE-0001,REF-M-0640,365.27,USD,inbound,Pierce PLC,2026-08-13,2026-08-13,unmatched
PMT-000641,FILE-0001,REF-M-0641,1127.56,USD,inbound,Norris-Anderson,2026-08-08,2026-08-09,unmatched
PMT-000642,FILE-0001,REF-M-0642,1281.92,USD,inbound,"Rice, Roberson and Snyder",2026-08-15,2026-08-16,unmatched
PMT-000643,FILE-0001,REF-M-0643,1967.23,USD,inbound,Lawson Inc,2026-08-04,2026-08-04,unmatched
PMT-000644,FILE-0001,REF-M-0644,1793.89,USD,inbound,Jones LLC,2026-08-29,2026-08-29,unmatched
PMT-000645,FILE-0001,REF-M-0645,383.12,USD,inbound,Rivera-Thomas,2026-08-01,2026-08-01,unmatched
PMT-000646,FILE-0001,REF-M-0646,90.57,USD,inbound,"Reyes, Howell and Edwards",2026-08-17,2026-08-17,unmatched
PMT-000647,FILE-0001,REF-M-0647,281.37,USD,inbound,"Donovan, Beard and Johnson",2026-08-14,2026-08-15,unmatched
PMT-000648,FILE-0001,REF-M-0648,2346.31,USD,inbound,Collins-Gamble,2026-08-29,2026-08-29,unmatched
PMT-000649,FILE-0001,REF-M-0649,704.28,USD,inbound,Parker Ltd,2026-08-22,2026-08-23,unmatched
PMT-000650,FILE-0001,REF-M-0650,2018.36,USD,inbound,"English, Murphy and Young",2026-08-28,2026-08-29,unmatched
PMT-000651,FILE-0001,REF-M-0651,916.8,USD,inbound,Blackburn-White,2026-08-01,2026-08-01,unmatched
PMT-000652,FILE-0001,REF-M-0652,878.86,USD,inbound,"Boyd, Lynch and Garcia",2026-08-09,2026-08-10,unmatched
PMT-000653,FILE-0001,REF-M-0653,960.8,USD,inbound,Ingram-Huerta,2026-08-01,2026-08-01,unmatched
PMT-000654,FILE-0001,REF-M-0654,1277.34,USD,inbound,"Lopez, Gonzalez and Wiley",2026-08-22,2026-08-23,unmatched
PMT-000655,FILE-0001,REF-M-0655,662.16,USD,inbound,Mcdonald-Vasquez,2026-08-05,2026-08-05,unmatched
PMT-000656,FILE-0001,REF-M-0656,170.11,USD,inbound,Fisher-Scott,2026-08-28,2026-08-28,unmatched
PMT-000657,FILE-0001,REF-M-0657,1000.07,USD,inbound,Martinez Ltd,2026-08-22,2026-08-23,unmatched
PMT-000658,FILE-0001,REF-M-0658,1537.19,USD,inbound,Ross Inc,2026-08-05,2026-08-05,unmatched
PMT-000659,FILE-0001,REF-M-0659,2057.42,USD,inbound,Hammond-Nelson,2026-08-03,2026-08-03,unmatched
PMT-000660,FILE-0001,REF-M-0660,382.76,USD,inbound,Fernandez-Shaw,2026-08-18,2026-08-18,unmatched
PMT-000661,FILE-0001,REF-M-0661,1929.49,USD,inbound,Jackson Group,2026-08-27,2026-08-27,unmatched
PMT-000662,FILE-0001,REF-M-0662,871.79,USD,inbound,"Richardson, Cunningham and Wilson",2026-08-14,2026-08-14,unmatched
PMT-000663,FILE-0001,REF-M-0663,498.87,USD,inbound,Wagner-Hayes,2026-08-22,2026-08-22,unmatched
PMT-000664,FILE-0001,REF-M-0664,107.8,USD,inbound,"Hutchinson, Whitehead and Johnson",2026-08-22,2026-08-23,unmatched
PMT-000665,FILE-0001,REF-M-0665,1506.61,USD,inbound,"Morales, Simmons and Snyder",2026-08-23,2026-08-23,unmatched
PMT-000666,FILE-0001,REF-M-0666,254.83,USD,inbound,Garcia-Briggs,2026-08-15,2026-08-15,unmatched
PMT-000667,FILE-0001,REF-M-0667,132.42,USD,inbound,Frey-Lee,2026-08-06,2026-08-06,unmatched
PMT-000668,FILE-0001,REF-M-0668,2165.4,USD,inbound,Marks-Young,2026-08-18,2026-08-18,unmatched
PMT-000669,FILE-0001,REF-M-0669,2415.27,USD,inbound,"Phillips, Willis and Snow",2026-08-30,2026-08-30,unmatched
PMT-000670,FILE-0001,REF-M-0670,1834.88,USD,inbound,Hunter and Sons,2026-08-10,2026-08-11,unmatched
PMT-000671,FILE-0001,REF-M-0671,912.31,USD,inbound,Summers-Francis,2026-08-08,2026-08-08,unmatched
PMT-000672,FILE-0001,REF-M-0672,605.45,USD,inbound,Cameron Inc,2026-08-27,2026-08-27,unmatched
PMT-000673,FILE-0001,REF-M-0673,801.4,USD,inbound,Mayer Inc,2026-08-21,2026-08-21,unmatched
PMT-000674,FILE-0001,REF-M-0674,909.65,USD,inbound,Rose PLC,2026-08-17,2026-08-17,unmatched
PMT-000675,FILE-0001,REF-M-0675,1773.63,USD,inbound,Greene-Bell,2026-08-27,2026-08-27,unmatched
PMT-000676,FILE-0001,REF-M-0676,16.47,USD,inbound,Smith Ltd,2026-08-26,2026-08-26,unmatched
PMT-000677,FILE-0001,REF-M-0677,1285.72,USD,inbound,Cook-Rodriguez,2026-08-27,2026-08-28,unmatched
PMT-000678,FILE-0001,REF-M-0678,1239.74,USD,inbound,"Fitzpatrick, Martin and Brown",2026-08-25,2026-08-25,unmatched
PMT-000679,FILE-0001,REF-M-0679,1708.14,USD,inbound,Phillips-Caldwell,2026-08-29,2026-08-29,unmatched
PMT-000680,FILE-0001,REF-M-0680,246.27,USD,inbound,"Crosby, Jackson and Pena",2026-08-30,2026-08-31,unmatched
PMT-000681,FILE-0001,REF-M-0681,578.71,USD,inbound,"Jordan, Nolan and Nguyen",2026-08-06,2026-08-07,unmatched
PMT-000682,FILE-0001,REF-M-0682,909.83,USD,inbound,Spence-Edwards,2026-08-28,2026-08-29,unmatched
PMT-000683,FILE-0001,REF-M-0683,1085.11,USD,inbound,"Carroll, Stewart and Schwartz",2026-08-26,2026-08-27,unmatched
PMT-000684,FILE-0001,REF-M-0684,1798.71,USD,inbound,"Sandoval, Morales and Moody",2026-08-08,2026-08-08,unmatched
PMT-000685,FILE-0001,REF-M-0685,1930.84,USD,inbound,Wells LLC,2026-08-04,2026-08-04,unmatched
PMT-000686,FILE-0001,REF-M-0686,1985.5,USD,inbound,Moore Group,2026-08-28,2026-08-29,unmatched
PMT-000687,FILE-0001,REF-M-0687,1334.33,USD,inbound,Dawson-Wade,2026-08-28,2026-08-29,unmatched
PMT-000688,FILE-0001,REF-M-0688,732.66,USD,inbound,"Ryan, Cole and Mckinney",2026-08-13,2026-08-13,unmatched
PMT-000689,FILE-0001,REF-M-0689,494.53,USD,inbound,Brown-Fields,2026-08-25,2026-08-25,unmatched
PMT-000690,FILE-0001,REF-M-0690,1312.73,USD,inbound,Williamson Inc,2026-08-18,2026-08-19,unmatched
PMT-000691,FILE-0001,REF-M-0691,2196.59,USD,inbound,"Barker, Burch and Brown",2026-08-15,2026-08-16,unmatched
PMT-000692,FILE-0001,REF-M-0692,2266.47,USD,inbound,"Thomas, Torres and Brown",2026-08-06,2026-08-06,unmatched
PMT-000693,FILE-0001,REF-M-0693,1137.96,USD,inbound,Warren Group,2026-08-13,2026-08-13,unmatched
PMT-000694,FILE-0001,REF-M-0694,404.82,USD,inbound,"Brewer, Howard and Barnes",2026-08-24,2026-08-24,unmatched
PMT-000695,FILE-0001,REF-M-0695,2335.32,USD,inbound,"Carson, Boyd and Lewis",2026-08-10,2026-08-11,unmatched
PMT-000696,FILE-0001,REF-M-0696,1197.27,USD,inbound,"Novak, Smith and Reyes",2026-08-17,2026-08-18,unmatched
PMT-000697,FILE-0001,REF-M-0697,1744.52,USD,inbound,"Thomas, Burch and Coleman",2026-08-21,2026-08-21,unmatched
PMT-000698,FILE-0001,REF-M-0698,679.44,USD,inbound,Chase LLC,2026-08-08,2026-08-09,unmatched
PMT-000699,FILE-0001,REF-M-0699,1672.64,USD,inbound,"Patel, Foley and Shannon",2026-08-07,2026-08-08,unmatched
PMT-000700,FILE-0001,REF-M-0700,1891.6,USD,inbound,Stephenson Group,2026-08-11,2026-08-11,unmatched
PMT-000701,FILE-0001,REF-M-0701,677.53,USD,inbound,Potts-Harper,2026-08-25,2026-08-25,unmatched
PMT-000702,FILE-0001,REF-M-0702,1819.9,USD,inbound,Hale PLC,2026-08-10,2026-08-11,unmatched
PMT-000703,FILE-0001,REF-M-0703,804.94,USD,inbound,"Zamora, Rowe and Acosta",2026-08-17,2026-08-17,unmatched
PMT-000704,FILE-0001,REF-M-0704,1212.23,USD,inbound,"Collins, Hanna and Burns",2026-08-20,2026-08-21,unmatched
PMT-000705,FILE-0001,REF-M-0705,1862.28,USD,inbound,Jones and Sons,2026-08-21,2026-08-21,unmatched
PMT-000706,FILE-0001,REF-M-0706,453.04,USD,inbound,Pena Group,2026-08-08,2026-08-09,unmatched
PMT-000707,FILE-0001,REF-M-0707,476.13,USD,inbound,Powers Inc,2026-08-28,2026-08-28,unmatched
PMT-000708,FILE-0001,REF-M-0708,2472.31,USD,inbound,Moore Group,2026-08-20,2026-08-20,unmatched
PMT-000709,FILE-0001,REF-M-0709,420.89,USD,inbound,Wiggins Ltd,2026-08-27,2026-08-27,unmatched
PMT-000710,FILE-0001,REF-M-0710,301.71,USD,inbound,Wu PLC,2026-08-10,2026-08-10,unmatched
PMT-000711,FILE-0001,REF-M-0711,24.46,USD,inbound,Meyer PLC,2026-08-20,2026-08-20,unmatched
PMT-000712,FILE-0001,REF-M-0712,2151.55,USD,inbound,Nichols-Mcmahon,2026-08-19,2026-08-20,unmatched
PMT-000713,FILE-0001,REF-M-0713,63.11,USD,inbound,"Silva, Avila and Johnson",2026-08-14,2026-08-15,unmatched
PMT-000714,FILE-0001,REF-M-0714,435.91,USD,inbound,Curtis Inc,2026-08-09,2026-08-09,unmatched
PMT-000715,FILE-0001,REF-M-0715,450.57,USD,inbound,"Lopez, Tate and Williams",2026-08-18,2026-08-18,unmatched
PMT-000716,FILE-0001,REF-M-0716,1920.59,USD,inbound,Herrera-Harris,2026-08-29,2026-08-29,unmatched
PMT-000717,FILE-0001,REF-M-0717,1232.87,USD,inbound,Mason-Reese,2026-08-08,2026-08-09,unmatched
PMT-000718,FILE-0001,REF-M-0718,1229.84,USD,inbound,Anderson-Bailey,2026-08-18,2026-08-18,unmatched
PMT-000719,FILE-0001,REF-M-0719,427.14,USD,inbound,"Hartman, Roy and Jackson",2026-08-03,2026-08-03,unmatched
PMT-000720,FILE-0001,REF-M-0720,431.74,USD,inbound,Smith LLC,2026-08-12,2026-08-12,unmatched
PMT-000721,FILE-0001,REF-M-0721,2095.44,USD,inbound,Davis Group,2026-08-13,2026-08-13,unmatched
PMT-000722,FILE-0001,REF-M-0722,839.07,USD,inbound,Martinez-Edwards,2026-08-09,2026-08-09,unmatched
PMT-000723,FILE-0001,REF-M-0723,1976.79,USD,inbound,Downs and Sons,2026-08-10,2026-08-10,unmatched
PMT-000724,FILE-0001,REF-M-0724,132.42,USD,inbound,"Stephens, Baker and Shaw",2026-08-08,2026-08-08,unmatched
PMT-000725,FILE-0001,REF-M-0725,1608.17,USD,inbound,Hurley Ltd,2026-08-10,2026-08-10,unmatched
PMT-000726,FILE-0001,REF-M-0726,1231.89,USD,inbound,Yang Ltd,2026-08-29,2026-08-30,unmatched
PMT-000727,FILE-0001,REF-M-0727,379.57,USD,inbound,"Stafford, Walker and Best",2026-08-25,2026-08-26,unmatched
PMT-000728,FILE-0001,REF-M-0728,2056.38,USD,inbound,Wilson Ltd,2026-08-11,2026-08-11,unmatched
PMT-000729,FILE-0001,REF-M-0729,301.5,USD,inbound,Perry Group,2026-08-10,2026-08-10,unmatched
PMT-000730,FILE-0001,REF-M-0730,1618.83,USD,inbound,Turner and Sons,2026-08-03,2026-08-03,unmatched
PMT-000731,FILE-0001,REF-M-0731,63.62,USD,inbound,Chan Ltd,2026-08-13,2026-08-14,unmatched
PMT-000732,FILE-0001,REF-M-0732,2417.09,USD,inbound,Payne-Meyer,2026-08-29,2026-08-30,unmatched
PMT-000733,FILE-0001,REF-M-0733,1950.34,USD,inbound,Moore-Singleton,2026-08-22,2026-08-22,unmatched
PMT-000734,FILE-0001,REF-M-0734,594.43,USD,inbound,Villanueva-Moore,2026-08-14,2026-08-15,unmatched
PMT-000735,FILE-0001,REF-M-0735,627.78,USD,inbound,Stanley-Hines,2026-08-27,2026-08-27,unmatched
PMT-000736,FILE-0001,REF-M-0736,1889.55,USD,inbound,Franco Ltd,2026-08-08,2026-08-08,unmatched
PMT-000737,FILE-0001,REF-M-0737,1270.29,USD,inbound,Singh-Contreras,2026-08-06,2026-08-07,unmatched
PMT-000738,FILE-0001,REF-M-0738,1749.64,USD,inbound,Stanley-Smith,2026-08-13,2026-08-14,unmatched
PMT-000739,FILE-0001,REF-M-0739,1357.04,USD,inbound,"Ali, Williams and Frost",2026-08-03,2026-08-04,unmatched
PMT-000740,FILE-0001,REF-M-0740,787.48,USD,inbound,"Nelson, Hudson and Hubbard",2026-08-29,2026-08-30,unmatched
PMT-000741,FILE-0001,REF-M-0741,1686.17,USD,inbound,"Ross, Pierce and Taylor",2026-08-17,2026-08-18,unmatched
PMT-000742,FILE-0001,REF-M-0742,213.49,USD,inbound,Buck Inc,2026-08-28,2026-08-28,unmatched
PMT-000743,FILE-0001,REF-M-0743,138.52,USD,inbound,Smith LLC,2026-08-03,2026-08-04,unmatched
PMT-000744,FILE-0001,REF-M-0744,1856.86,USD,inbound,"Doyle, Johnson and Rojas",2026-08-12,2026-08-13,unmatched
PMT-000745,FILE-0001,REF-M-0745,1010.02,USD,inbound,Fields-Brown,2026-08-24,2026-08-24,unmatched
PMT-000746,FILE-0001,REF-M-0746,294.87,USD,inbound,Moore LLC,2026-08-17,2026-08-18,unmatched
PMT-000747,FILE-0001,REF-M-0747,2394.59,USD,inbound,Rollins LLC,2026-08-06,2026-08-07,unmatched
PMT-000748,FILE-0001,REF-M-0748,1056.96,USD,inbound,Merritt-Mejia,2026-08-02,2026-08-02,unmatched
PMT-000749,FILE-0001,REF-M-0749,1670.1,USD,inbound,Russo and Sons,2026-08-08,2026-08-08,unmatched
PMT-000750,FILE-0001,REF-M-0750,170.11,USD,inbound,"Parker, Horn and Dennis",2026-08-24,2026-08-25,unmatched
PMT-000751,FILE-0001,REF-M-0751,2111.76,USD,inbound,Dean Group,2026-08-29,2026-08-29,unmatched
PMT-000752,FILE-0001,REF-M-0752,1533.43,USD,inbound,Castillo LLC,2026-08-25,2026-08-25,unmatched
PMT-000753,FILE-0001,REF-M-0753,1815.77,USD,inbound,Douglas-Watson,2026-08-25,2026-08-25,unmatched
PMT-000754,FILE-0001,REF-M-0754,302.81,USD,inbound,Castillo-Benitez,2026-08-14,2026-08-14,unmatched
PMT-000755,FILE-0001,REF-M-0755,1063.39,USD,inbound,"Tate, Wright and Jensen",2026-08-23,2026-08-23,unmatched
PMT-000756,FILE-0001,REF-M-0756,552.83,USD,inbound,Lane-Smith,2026-08-01,2026-08-02,unmatched
PMT-000757,FILE-0001,REF-M-0757,1752.86,USD,inbound,Stuart-Booker,2026-08-30,2026-08-30,unmatched
PMT-000758,FILE-0001,REF-M-0758,21.95,USD,inbound,Cole LLC,2026-08-28,2026-08-28,unmatched
PMT-000759,FILE-0001,REF-M-0759,691.52,USD,inbound,Kim Ltd,2026-08-14,2026-08-15,unmatched
PMT-000760,FILE-0001,REF-M-0760,1934.92,USD,inbound,Thompson-Villa,2026-08-22,2026-08-22,unmatched
PMT-000761,FILE-0001,REF-M-0761,1668.41,USD,inbound,Walsh PLC,2026-08-22,2026-08-23,unmatched
PMT-000762,FILE-0001,REF-M-0762,1607.92,USD,inbound,Thompson-Jones,2026-08-09,2026-08-09,unmatched
PMT-000763,FILE-0001,REF-M-0763,2148.2,USD,inbound,"Lee, Webster and Hall",2026-08-28,2026-08-29,unmatched
PMT-000764,FILE-0001,REF-M-0764,872.42,USD,inbound,"Crawford, Morrison and Fuller",2026-08-09,2026-08-10,unmatched
PMT-000765,FILE-0001,REF-M-0765,2232.34,USD,inbound,"Foster, Vasquez and Barker",2026-08-24,2026-08-25,unmatched
PMT-000766,FILE-0001,REF-M-0766,1339.26,USD,inbound,Ellis Ltd,2026-08-12,2026-08-12,unmatched
PMT-000767,FILE-0001,REF-M-0767,133.02,USD,inbound,"Pugh, Smith and Williams",2026-08-12,2026-08-12,unmatched
PMT-000768,FILE-0001,REF-M-0768,2390.32,USD,inbound,Powers PLC,2026-08-25,2026-08-26,unmatched
PMT-000769,FILE-0001,REF-M-0769,1511.17,USD,inbound,Conner Ltd,2026-08-25,2026-08-26,unmatched
PMT-000770,FILE-0001,REF-M-0770,999.94,USD,inbound,Harrington-Fisher,2026-08-06,2026-08-06,unmatched
PMT-000771,FILE-0001,REF-M-0771,2000.09,USD,inbound,"Smith, Smith and Sullivan",2026-08-14,2026-08-14,unmatched
PMT-000772,FILE-0001,REF-M-0772,1771.96,USD,inbound,Ferguson-Ashley,2026-08-01,2026-08-02,unmatched
PMT-000773,FILE-0001,REF-M-0773,1642.15,USD,inbound,Marks-Vega,2026-08-05,2026-08-06,unmatched
PMT-000774,FILE-0001,REF-M-0774,159.86,USD,inbound,Cooper-Morales,2026-08-17,2026-08-18,unmatched
PMT-000775,FILE-0001,REF-M-0775,1109.61,USD,inbound,Jenkins PLC,2026-08-19,2026-08-20,unmatched
PMT-000776,FILE-0001,REF-M-0776,1517.22,USD,inbound,Adams Inc,2026-08-13,2026-08-13,unmatched
PMT-000777,FILE-0001,REF-M-0777,1813.56,USD,inbound,Hunter-Burgess,2026-08-09,2026-08-09,unmatched
PMT-000778,FILE-0001,REF-M-0778,1784.86,USD,inbound,"Ford, Warren and Hall",2026-08-03,2026-08-04,unmatched
PMT-000779,FILE-0001,REF-M-0779,2170.6,USD,inbound,Turner Inc,2026-08-10,2026-08-11,unmatched
PMT-000780,FILE-0001,REF-M-0780,647.65,USD,inbound,Carter LLC,2026-08-21,2026-08-22,unmatched
PMT-000781,FILE-0001,REF-M-0781,2389.09,USD,inbound,"Kelly, Scott and Hodges",2026-08-13,2026-08-13,unmatched
PMT-000782,FILE-0001,REF-M-0782,27.99,USD,inbound,Gilmore Group,2026-08-21,2026-08-22,unmatched
PMT-000783,FILE-0001,REF-M-0783,447.83,USD,inbound,"Cortez, Santos and Adams",2026-08-17,2026-08-17,unmatched
PMT-000784,FILE-0001,REF-M-0784,66.97,USD,inbound,Pennington-Ward,2026-08-14,2026-08-14,unmatched
PMT-000785,FILE-0001,REF-M-0785,330.16,USD,inbound,"Wolf, Arroyo and Figueroa",2026-08-02,2026-08-03,unmatched
PMT-000786,FILE-0001,REF-M-0786,221.3,USD,inbound,Norton-Garcia,2026-08-19,2026-08-20,unmatched
PMT-000787,FILE-0001,REF-M-0787,1052.37,USD,inbound,Neal LLC,2026-08-13,2026-08-13,unmatched
PMT-000788,FILE-0001,REF-M-0788,1130.11,USD,inbound,"Carpenter, Johnson and Brown",2026-08-26,2026-08-26,unmatched
PMT-000789,FILE-0001,REF-M-0789,665.51,USD,inbound,"Reid, Jordan and Hansen",2026-08-22,2026-08-23,unmatched
PMT-000790,FILE-0001,REF-M-0790,162.14,USD,inbound,Forbes-Perry,2026-08-13,2026-08-13,unmatched
PMT-000791,FILE-0001,REF-M-0791,2205.42,USD,inbound,Jensen-Ingram,2026-08-16,2026-08-17,unmatched
PMT-000792,FILE-0001,REF-M-0792,648.99,USD,inbound,Jones-Perry,2026-08-30,2026-08-31,unmatched
PMT-000793,FILE-0001,REF-M-0793,228.43,USD,inbound,York-Johnson,2026-08-03,2026-08-03,unmatched
PMT-000794,FILE-0001,REF-M-0794,2426.07,USD,inbound,Fuller-Burns,2026-08-11,2026-08-11,unmatched
PMT-000795,FILE-0001,REF-M-0795,79.85,USD,inbound,Wiggins-Gray,2026-08-13,2026-08-14,unmatched
PMT-000796,FILE-0001,REF-M-0796,2327.81,USD,inbound,West and Sons,2026-08-07,2026-08-08,unmatched
PMT-000797,FILE-0001,REF-M-0797,433.21,USD,inbound,"Leach, Klein and Rollins",2026-08-06,2026-08-06,unmatched
PMT-000798,FILE-0001,REF-M-0798,879.92,USD,inbound,"Ferguson, House and Tanner",2026-08-25,2026-08-25,unmatched
PMT-000799,FILE-0001,REF-M-0799,2043.56,USD,inbound,"Hernandez, Miller and Castillo",2026-08-23,2026-08-23,unmatched
PMT-000800,FILE-0001,REF-M-0800,1149.14,USD,inbound,Casey PLC,2026-08-10,2026-08-11,unmatched
PMT-000801,FILE-0001,REF-M-0801,898.0,USD,inbound,Castillo Inc,2026-08-09,2026-08-09,unmatched
PMT-000802,FILE-0001,REF-M-0802,462.52,USD,inbound,"Thompson, Santos and Holmes",2026-08-22,2026-08-23,unmatched
PMT-000803,FILE-0001,REF-M-0803,1477.17,USD,inbound,"Yang, Flores and Hill",2026-08-02,2026-08-02,unmatched
PMT-000804,FILE-0001,REF-M-0804,265.14,USD,inbound,Williams and Sons,2026-08-28,2026-08-29,unmatched
PMT-000805,FILE-0001,REF-M-0805,1099.78,USD,inbound,Perry-Martin,2026-08-18,2026-08-18,unmatched
PMT-000806,FILE-0001,REF-M-0806,1692.26,USD,inbound,Young Inc,2026-08-12,2026-08-13,unmatched
PMT-000807,FILE-0001,REF-M-0807,1426.36,USD,inbound,"Jones, Daniels and Murphy",2026-08-10,2026-08-11,unmatched
PMT-000808,FILE-0001,REF-M-0808,436.6,USD,inbound,Martin LLC,2026-08-26,2026-08-26,unmatched
PMT-000809,FILE-0001,REF-M-0809,2260.12,USD,inbound,Phillips-Scott,2026-08-16,2026-08-16,unmatched
PMT-000810,FILE-0001,REF-M-0810,441.77,USD,inbound,"Bauer, Michael and Schmidt",2026-08-19,2026-08-20,unmatched
PMT-000811,FILE-0001,REF-M-0811,2096.3,USD,inbound,Burke PLC,2026-08-04,2026-08-04,unmatched
PMT-000812,FILE-0001,REF-M-0812,482.88,USD,inbound,Johnson-Romero,2026-08-15,2026-08-15,unmatched
PMT-000813,FILE-0001,REF-M-0813,214.76,USD,inbound,Lane-Myers,2026-08-19,2026-08-19,unmatched
PMT-000814,FILE-0001,REF-M-0814,1612.67,USD,inbound,Molina-Harvey,2026-08-07,2026-08-08,unmatched
PMT-000815,FILE-0001,REF-M-0815,117.29,USD,inbound,"Hill, Holloway and Klein",2026-08-14,2026-08-15,unmatched
PMT-000816,FILE-0001,REF-M-0816,1954.31,USD,inbound,Gonzalez Group,2026-08-21,2026-08-22,unmatched
PMT-000817,FILE-0001,REF-M-0817,558.0,USD,inbound,Glenn-Hartman,2026-08-03,2026-08-03,unmatched
PMT-000818,FILE-0001,REF-M-0818,744.6,USD,inbound,Neal-Wilson,2026-08-17,2026-08-17,unmatched
PMT-000819,FILE-0001,REF-M-0819,2377.8,USD,inbound,"Lyons, Duran and Turner",2026-08-19,2026-08-19,unmatched
PMT-000820,FILE-0001,REF-M-0820,1719.23,USD,inbound,Williams Ltd,2026-08-07,2026-08-07,unmatched
PMT-000821,FILE-0001,REF-M-0821,952.96,USD,inbound,"Edwards, Henson and Chapman",2026-08-09,2026-08-09,unmatched
PMT-000822,FILE-0001,REF-M-0822,2053.03,USD,inbound,"Martinez, Herrera and Robbins",2026-08-23,2026-08-23,unmatched
PMT-000823,FILE-0001,REF-M-0823,1881.67,USD,inbound,Jones-Gonzalez,2026-08-18,2026-08-18,unmatched
PMT-000824,FILE-0001,REF-M-0824,1799.46,USD,inbound,"Villarreal, Barrett and Coleman",2026-08-25,2026-08-25,unmatched
PMT-000825,FILE-0001,REF-M-0825,1090.77,USD,inbound,Buchanan-Wilkerson,2026-08-28,2026-08-28,unmatched
PMT-000826,FILE-0001,REF-M-0826,1171.22,USD,inbound,"Berry, Rivera and Perkins",2026-08-15,2026-08-16,unmatched
PMT-000827,FILE-0001,REF-M-0827,847.18,USD,inbound,Anthony Group,2026-08-13,2026-08-13,unmatched
PMT-000828,FILE-0001,REF-M-0828,2245.27,USD,inbound,Fox-Oliver,2026-08-20,2026-08-20,unmatched
PMT-000829,FILE-0001,REF-M-0829,2407.02,USD,inbound,"Davis, Alvarez and Walker",2026-08-09,2026-08-10,unmatched
PMT-000830,FILE-0001,REF-M-0830,1178.21,USD,inbound,Shaw-Sullivan,2026-08-11,2026-08-11,unmatched
PMT-000831,FILE-0001,REF-M-0831,2484.52,USD,inbound,Norris Inc,2026-08-18,2026-08-19,unmatched
PMT-000832,FILE-0001,REF-M-0832,1844.81,USD,inbound,"Kaufman, Welch and Gonzales",2026-08-24,2026-08-24,unmatched
PMT-000833,FILE-0001,REF-M-0833,866.12,USD,inbound,Kline-Chang,2026-08-10,2026-08-11,unmatched
PMT-000834,FILE-0001,REF-M-0834,1218.92,USD,inbound,Hamilton-Leach,2026-08-05,2026-08-05,unmatched
PMT-000835,FILE-0001,REF-M-0835,1728.01,USD,inbound,Green Inc,2026-08-03,2026-08-03,unmatched
PMT-000836,FILE-0001,REF-M-0836,858.56,USD,inbound,Rojas PLC,2026-08-30,2026-08-31,unmatched
PMT-000837,FILE-0001,REF-M-0837,528.39,USD,inbound,Fletcher-Williams,2026-08-20,2026-08-20,unmatched
PMT-000838,FILE-0001,REF-M-0838,738.45,USD,inbound,"Chan, Smith and Carroll",2026-08-20,2026-08-20,unmatched
PMT-000839,FILE-0001,REF-M-0839,1012.02,USD,inbound,Cuevas-Hanson,2026-08-30,2026-08-30,unmatched
PMT-000840,FILE-0001,REF-M-0840,1842.54,USD,inbound,Liu-Murphy,2026-08-19,2026-08-20,unmatched
PMT-000841,FILE-0001,REF-M-0841,1570.94,USD,inbound,Park and Sons,2026-08-19,2026-08-19,unmatched
PMT-000842,FILE-0001,REF-M-0842,798.66,USD,inbound,"Torres, Johnson and Walker",2026-08-22,2026-08-22,unmatched
PMT-000843,FILE-0001,REF-M-0843,1816.33,USD,inbound,"Mann, Turner and Hanson",2026-08-09,2026-08-10,unmatched
PMT-000844,FILE-0001,REF-M-0844,322.95,USD,inbound,"Arias, Rios and Goodwin",2026-08-14,2026-08-14,unmatched
PMT-000845,FILE-0001,REF-M-0845,2301.23,USD,inbound,Taylor-Walker,2026-08-26,2026-08-26,unmatched
PMT-000846,FILE-0001,REF-M-0846,1535.26,USD,inbound,Sparks-Lee,2026-08-26,2026-08-26,unmatched
PMT-000847,FILE-0001,REF-M-0847,986.98,USD,inbound,Knight-Rodgers,2026-08-22,2026-08-22,unmatched
PMT-000848,FILE-0001,REF-M-0848,785.24,USD,inbound,Singleton and Sons,2026-08-07,2026-08-07,unmatched
PMT-000849,FILE-0001,REF-M-0849,1778.07,USD,inbound,Maxwell Ltd,2026-08-02,2026-08-02,unmatched
PMT-000850,FILE-0001,REF-M-0850,534.29,USD,inbound,Mckenzie Ltd,2026-08-28,2026-08-29,unmatched
PMT-000851,FILE-0001,REF-UNMATCHED-883250,1294.29,USD,inbound,"Zuniga, Mcdonald and Arnold",2026-08-21,2026-08-21,unmatched
PMT-000852,FILE-0001,REF-UNMATCHED-561593,2252.15,USD,inbound,"Lowe, Matthews and Reynolds",2026-08-30,2026-08-30,unmatched
PMT-000853,FILE-0001,REF-UNMATCHED-117391,313.77,USD,inbound,"Carter, Brandt and Phillips",2026-08-16,2026-08-16,unmatched
PMT-000854,FILE-0001,REF-UNMATCHED-142960,1921.41,USD,inbound,Estrada-Moran,2026-08-24,2026-08-24,unmatched
PMT-000855,FILE-0001,REF-UNMATCHED-479784,851.92,USD,inbound,"Collins, Lane and Warner",2026-08-30,2026-08-31,unmatched
PMT-000856,FILE-0001,REF-UNMATCHED-712595,989.44,USD,inbound,"Jimenez, Woods and Yates",2026-08-16,2026-08-17,unmatched
PMT-000857,FILE-0001,REF-UNMATCHED-632041,328.55,USD,inbound,Strickland-Cordova,2026-08-26,2026-08-26,unmatched
PMT-000858,FILE-0001,REF-UNMATCHED-941414,619.97,USD,inbound,Russell-Scott,2026-08-22,2026-08-22,unmatched
PMT-000859,FILE-0001,REF-UNMATCHED-991912,1167.28,USD,inbound,"Smith, Lewis and Barker",2026-08-19,2026-08-19,unmatched
PMT-000860,FILE-0001,REF-UNMATCHED-759940,2120.76,USD,inbound,Wright-Martinez,2026-08-29,2026-08-30,unmatched
PMT-000861,FILE-0001,REF-UNMATCHED-360089,1877.4,USD,inbound,Sutton-Cooper,2026-08-22,2026-08-23,unmatched
PMT-000862,FILE-0001,REF-UNMATCHED-209795,482.42,USD,inbound,Casey-Anderson,2026-08-18,2026-08-18,unmatched
PMT-000863,FILE-0001,REF-UNMATCHED-577238,2409.49,USD,inbound,Murphy-Gibson,2026-08-24,2026-08-25,unmatched
PMT-000864,FILE-0001,REF-UNMATCHED-977714,1867.34,USD,inbound,Weaver-Ewing,2026-08-28,2026-08-29,unmatched
PMT-000865,FILE-0001,REF-UNMATCHED-842377,187.74,USD,inbound,Hebert-Hensley,2026-08-27,2026-08-27,unmatched
PMT-000866,FILE-0001,REF-UNMATCHED-701534,1791.76,USD,inbound,"Thompson, Jackson and Chandler",2026-08-27,2026-08-28,unmatched
PMT-000867,FILE-0001,REF-UNMATCHED-537188,1611.69,USD,inbound,Wells-Silva,2026-08-19,2026-08-20,unmatched
PMT-000868,FILE-0001,REF-UNMATCHED-483511,1728.74,USD,inbound,Yoder LLC,2026-08-23,2026-08-24,unmatched
PMT-000869,FILE-0001,REF-UNMATCHED-843284,315.13,USD,inbound,"Rodriguez, Smith and Spence",2026-08-28,2026-08-28,unmatched
PMT-000870,FILE-0001,REF-UNMATCHED-400298,1888.03,USD,inbound,Reynolds Ltd,2026-08-16,2026-08-17,unmatched
PMT-000871,FILE-0001,REF-UNMATCHED-598785,1377.56,USD,inbound,Gardner-Carson,2026-08-23,2026-08-24,unmatched
PMT-000872,FILE-0001,REF-UNMATCHED-516867,762.06,USD,inbound,Vasquez Inc,2026-08-20,2026-08-21,unmatched
PMT-000873,FILE-0001,REF-UNMATCHED-248157,22.42,USD,inbound,Williams LLC,2026-08-15,2026-08-16,unmatched
PMT-000874,FILE-0001,REF-UNMATCHED-173017,880.29,USD,inbound,Martinez Ltd,2026-08-24,2026-08-25,unmatched
PMT-000875,FILE-0001,REF-UNMATCHED-476162,1296.5,USD,inbound,Gillespie Inc,2026-08-19,2026-08-19,unmatched
PMT-000876,FILE-0001,REF-UNMATCHED-265782,1096.84,USD,inbound,"Brooks, Rivas and Hernandez",2026-08-19,2026-08-20,unmatched
PMT-000877,FILE-0001,REF-UNMATCHED-224986,616.99,USD,inbound,Flores-Diaz,2026-08-26,2026-08-26,unmatched
PMT-000878,FILE-0001,REF-UNMATCHED-238703,268.4,USD,inbound,"Sanchez, Hester and George",2026-08-27,2026-08-27,unmatched
PMT-000879,FILE-0001,REF-UNMATCHED-305487,1735.0,USD,inbound,Humphrey Group,2026-08-28,2026-08-29,unmatched
PMT-000880,FILE-0001,REF-UNMATCHED-277774,1007.91,USD,inbound,Green and Sons,2026-08-28,2026-08-28,unmatched
PMT-000881,FILE-0001,REF-UNMATCHED-978719,1419.8,USD,inbound,Brown-Kemp,2026-08-17,2026-08-18,unmatched
PMT-000882,FILE-0001,REF-UNMATCHED-479776,1484.64,USD,inbound,"Ryan, Fitzgerald and Wall",2026-08-18,2026-08-19,unmatched
PMT-000883,FILE-0001,REF-UNMATCHED-843115,272.18,USD,inbound,Smith-Williams,2026-08-24,2026-08-25,unmatched
PMT-000884,FILE-0001,REF-UNMATCHED-919772,1458.97,USD,inbound,Webb PLC,2026-08-16,2026-08-16,unmatched
PMT-000885,FILE-0001,REF-UNMATCHED-278138,2105.93,USD,inbound,"Martin, Powell and Callahan",2026-08-28,2026-08-29,unmatched
PMT-000886,FILE-0001,REF-UNMATCHED-135393,853.16,USD,inbound,Adams-Cortez,2026-08-19,2026-08-20,unmatched
PMT-000887,FILE-0001,REF-UNMATCHED-618116,1102.26,USD,inbound,Glover Group,2026-08-21,2026-08-22,unmatched
PMT-000888,FILE-0001,REF-UNMATCHED-194127,162.31,USD,inbound,Collins Group,2026-08-24,2026-08-24,unmatched
PMT-000889,FILE-0001,REF-UNMATCHED-242912,576.81,USD,inbound,"Davidson, Sandoval and Wilkinson",2026-08-22,2026-08-22,unmatched
PMT-000890,FILE-0001,REF-UNMATCHED-485326,82.69,USD,inbound,"Hall, Newton and Sanders",2026-08-25,2026-08-25,unmatched
PMT-000891,FILE-0001,REF-UNMATCHED-477002,1821.03,USD,inbound,Cohen PLC,2026-08-28,2026-08-28,unmatched
PMT-000892,FILE-0001,REF-UNMATCHED-827365,2143.08,USD,inbound,Johnson-Bell,2026-08-27,2026-08-28,unmatched
PMT-000893,FILE-0001,REF-UNMATCHED-911583,1813.58,USD,inbound,Thompson-Sloan,2026-08-19,2026-08-20,unmatched
PMT-000894,FILE-0001,REF-UNMATCHED-338965,2192.46,USD,inbound,Nichols Ltd,2026-08-28,2026-08-28,unmatched
PMT-000895,FILE-0001,REF-UNMATCHED-957333,2167.33,USD,inbound,Gordon Inc,2026-08-19,2026-08-19,unmatched
PMT-000896,FILE-0001,REF-UNMATCHED-134176,2399.58,USD,inbound,"Fitzgerald, Johnson and Lee",2026-08-29,2026-08-29,unmatched
PMT-000897,FILE-0001,REF-UNMATCHED-912954,1237.76,USD,inbound,"King, Brown and Santiago",2026-08-22,2026-08-23,unmatched
PMT-000898,FILE-0001,REF-UNMATCHED-360769,1494.54,USD,inbound,Kim-Hobbs,2026-08-30,2026-08-30,unmatched
PMT-000899,FILE-0001,REF-UNMATCHED-296269,1605.15,USD,inbound,Bell PLC,2026-08-23,2026-08-23,unmatched
PMT-000900,FILE-0001,REF-UNMATCHED-195142,1180.52,USD,inbound,"Reid, Avila and Patel",2026-08-19,2026-08-20,unmatched
PMT-000901,FILE-0001,REF-UNMATCHED-343403,1002.7,USD,inbound,Cowan-Barnett,2026-08-17,2026-08-18,unmatched
PMT-000902,FILE-0001,REF-UNMATCHED-798069,1228.89,USD,inbound,Acosta LLC,2026-08-16,2026-08-16,unmatched
PMT-000903,FILE-0001,REF-UNMATCHED-492782,899.71,USD,inbound,"Sherman, Allen and Wells",2026-08-26,2026-08-26,unmatched
PMT-000904,FILE-0001,REF-UNMATCHED-989680,787.33,USD,inbound,Larson-Cochran,2026-08-30,2026-08-31,unmatched
PMT-000905,FILE-0001,REF-UNMATCHED-221001,595.18,USD,inbound,Norton-Bennett,2026-08-23,2026-08-24,unmatched
PMT-000906,FILE-0001,REF-UNMATCHED-732063,1931.95,USD,inbound,"Dodson, Pearson and White",2026-08-26,2026-08-27,unmatched
PMT-000907,FILE-0001,REF-UNMATCHED-338188,1898.46,USD,inbound,Morales-Bradley,2026-08-21,2026-08-21,unmatched
PMT-000908,FILE-0001,REF-UNMATCHED-415072,379.15,USD,inbound,Murray-Robinson,2026-08-27,2026-08-28,unmatched
PMT-000909,FILE-0001,REF-UNMATCHED-761552,1265.44,USD,inbound,Woodward-Edwards,2026-08-16,2026-08-17,unmatched
PMT-000910,FILE-0001,REF-UNMATCHED-562482,1362.17,USD,inbound,"Thornton, Reyes and Perez",2026-08-30,2026-08-31,unmatched
PMT-000911,FILE-0001,REF-UNMATCHED-415410,2061.0,USD,inbound,"Jones, Fisher and Keith",2026-08-29,2026-08-30,unmatched
PMT-000912,FILE-0001,REF-UNMATCHED-285755,981.7,USD,inbound,Mitchell LLC,2026-08-18,2026-08-19,unmatched
PMT-000913,FILE-0001,REF-UNMATCHED-716265,475.78,USD,inbound,"Larson, Ortiz and Villanueva",2026-08-29,2026-08-30,unmatched
PMT-000914,FILE-0001,REF-UNMATCHED-219638,438.83,USD,inbound,"Clayton, Tucker and Todd",2026-08-28,2026-08-28,unmatched
PMT-000915,FILE-0001,REF-UNMATCHED-500029,2064.42,USD,inbound,Woods-Richard,2026-08-25,2026-08-26,unmatched
PMT-000916,FILE-0001,REF-UNMATCHED-568985,2397.18,USD,inbound,"Romero, Boyd and Trujillo",2026-08-21,2026-08-22,unmatched
PMT-000917,FILE-0001,REF-UNMATCHED-186949,528.98,USD,inbound,"Castro, Hall and Mitchell",2026-08-18,2026-08-19,unmatched
PMT-000918,FILE-0001,REF-UNMATCHED-925636,2107.95,USD,inbound,"Hansen, Blair and Andrade",2026-08-23,2026-08-24,unmatched
PMT-000919,FILE-0001,REF-UNMATCHED-133148,2032.52,USD,inbound,Reyes-Turner,2026-08-22,2026-08-23,unmatched
PMT-000920,FILE-0001,REF-UNMATCHED-457011,378.27,USD,inbound,Edwards Inc,2026-08-18,2026-08-19,unmatched
PMT-000921,FILE-0001,REF-UNMATCHED-238112,2407.3,USD,inbound,"Rhodes, Morales and Russo",2026-08-26,2026-08-27,unmatched
PMT-000922,FILE-0001,REF-UNMATCHED-395729,1395.06,USD,inbound,"Barnes, Kelley and Stephens",2026-08-18,2026-08-18,unmatched
PMT-000923,FILE-0001,REF-UNMATCHED-660204,138.48,USD,inbound,Holmes and Sons,2026-08-29,2026-08-30,unmatched
PMT-000924,FILE-0001,REF-UNMATCHED-886608,572.86,USD,inbound,"Hurley, Marquez and White",2026-08-26,2026-08-26,unmatched
PMT-000925,FILE-0001,REF-UNMATCHED-765827,1021.95,USD,inbound,Hamilton-Chen,2026-08-29,2026-08-29,unmatched
PMT-000926,FILE-0001,REF-UNMATCHED-946069,2216.98,USD,inbound,Miller Inc,2026-08-18,2026-08-19,unmatched
PMT-000927,FILE-0001,REF-UNMATCHED-158355,2229.5,USD,inbound,Gonzalez-Mendez,2026-08-18,2026-08-18,unmatched
PMT-000928,FILE-0001,REF-UNMATCHED-785437,2007.72,USD,inbound,"Phelps, Summers and Baker",2026-08-29,2026-08-30,unmatched
PMT-000929,FILE-0001,REF-UNMATCHED-616393,131.14,USD,inbound,"Delacruz, Gibson and Martinez",2026-08-28,2026-08-28,unmatched
PMT-000930,FILE-0001,REF-UNMATCHED-201399,2411.98,USD,inbound,Leonard LLC,2026-08-15,2026-08-15,unmatched
PMT-000931,FILE-0001,REF-T-0O0851,2067.29,USD,inbound,"Howard, Levine and Branch",2026-08-05,2026-08-05,unmatched
PMT-000932,FILE-0001,REF-T-0O0852,858.23,USD,inbound,"Howard, Bell and Cook",2026-08-23,2026-08-24,unmatched
PMT-000933,FILE-0001,REF-T-000B53,1234.87,USD,inbound,"Briggs, Medina and Watkins",2026-08-03,2026-08-03,unmatched
PMT-000934,FILE-0001,REF-T-O00854,898.97,USD,inbound,Reeves-Padilla,2026-08-25,2026-08-26,unmatched
PMT-000935,FILE-0001,REF-T-00085S,541.71,USD,inbound,Silva Inc,2026-08-28,2026-08-29,unmatched
PMT-000936,FILE-0001,REF-T-0O0856,647.72,USD,inbound,"Ayers, Hunt and Singh",2026-08-11,2026-08-11,unmatched
PMT-000937,FILE-0001,REF-T-0008S7,862.32,USD,inbound,Evans-Johnson,2026-07-31,2026-08-01,unmatched
PMT-000938,FILE-0001,REF-T-0008S8,2373.84,USD,inbound,Hampton and Sons,2026-08-07,2026-08-07,unmatched
PMT-000939,FILE-0001,REF-T-00O859,1700.31,USD,inbound,"Powell, Forbes and Rowe",2026-08-12,2026-08-12,unmatched
PMT-000940,FILE-0001,REF-T-O00860,370.75,USD,inbound,Simmons Ltd,2026-08-03,2026-08-04,unmatched
PMT-000941,FILE-0001,REF-T-O00861,1589.84,USD,inbound,Daniels Ltd,2026-08-23,2026-08-23,unmatched
PMT-000942,FILE-0001,REF-T-0008G2,1344.01,USD,inbound,Rich-White,2026-08-30,2026-08-31,unmatched
PMT-000943,FILE-0001,REF-T-000B63,1948.47,USD,inbound,Johnson Group,2026-08-25,2026-08-26,unmatched
PMT-000944,FILE-0001,REF-T-O00864,1751.82,USD,inbound,Williams PLC,2026-08-16,2026-08-17,unmatched
PMT-000945,FILE-0001,REF-T-0O0865,360.0,USD,inbound,"Fields, Richard and Wyatt",2026-08-16,2026-08-17,unmatched
PMT-000946,FILE-0001,REF-T-0008G6,1798.07,USD,inbound,Smith LLC,2026-08-16,2026-08-17,unmatched
PMT-000947,FILE-0001,REF-T-00O867,682.35,USD,inbound,Rodriguez PLC,2026-08-12,2026-08-13,unmatched
PMT-000948,FILE-0001,REF-T-00086B,1660.68,USD,inbound,"Clark, Adkins and Leon",2026-08-23,2026-08-23,unmatched
PMT-000949,FILE-0001,REF-T-000B69,1836.36,USD,inbound,"Brown, Martin and Nelson",2026-08-12,2026-08-13,unmatched
PMT-000950,FILE-0001,REF-T-00O870,2242.34,USD,inbound,Norris-Collins,2026-08-24,2026-08-24,unmatched
PMT-000951,FILE-0001,REF-T-O00871,439.75,USD,inbound,Watson-Kaiser,2026-08-29,2026-08-29,unmatched
PMT-000952,FILE-0001,REF-T-00087Z,1600.28,USD,inbound,"Pena, Jones and Miller",2026-08-07,2026-08-08,unmatched
PMT-000953,FILE-0001,REF-T-00O873,1408.98,USD,inbound,Curtis-Smith,2026-08-08,2026-08-09,unmatched
PMT-000954,FILE-0001,REF-T-O00874,646.06,USD,inbound,Monroe-Daniels,2026-08-20,2026-08-21,unmatched
PMT-000955,FILE-0001,REF-T-00O875,865.22,USD,inbound,Burke Inc,2026-08-05,2026-08-05,unmatched
PMT-000956,FILE-0001,REF-T-0O0876,1904.0,USD,inbound,"Landry, Medina and Walker",2026-08-24,2026-08-24,unmatched
PMT-000957,FILE-0001,REF-T-0O0877,1297.62,USD,inbound,Shaw Group,2026-08-27,2026-08-27,unmatched
PMT-000958,FILE-0001,REF-T-O00878,2209.85,USD,inbound,Walters and Sons,2026-08-12,2026-08-12,unmatched
PMT-000959,FILE-0001,REF-T-000B79,1334.73,USD,inbound,Lee Ltd,2026-08-15,2026-08-16,unmatched
PMT-000960,FILE-0001,REF-T-0008B0,983.81,USD,inbound,Cox-Alvarez,2026-08-06,2026-08-06,unmatched
PMT-000961,FILE-0001,REF-T-O00881,669.65,USD,inbound,Parker-Townsend,2026-08-23,2026-08-24,unmatched
PMT-000962,FILE-0001,REF-T-0O0882,993.75,USD,inbound,"Steele, Malone and Pruitt",2026-08-15,2026-08-16,unmatched
PMT-000963,FILE-0001,REF-T-0O0883,2316.16,USD,inbound,Bradley Ltd,2026-08-24,2026-08-24,unmatched
PMT-000964,FILE-0001,REF-T-0O0884,582.51,USD,inbound,Payne and Sons,2026-08-26,2026-08-26,unmatched
PMT-000965,FILE-0001,REF-T-O00885,2180.15,USD,inbound,Walters Inc,2026-08-05,2026-08-05,unmatched
PMT-000966,FILE-0001,REF-T-0008B6,1776.86,USD,inbound,Bennett-Mckay,2026-08-19,2026-08-20,unmatched
PMT-000967,FILE-0001,REF-T-O00887,517.47,USD,inbound,"Morris, Nguyen and Wade",2026-08-09,2026-08-10,unmatched
PMT-000968,FILE-0001,REF-T-0008B8,1876.98,USD,inbound,Jordan Inc,2026-08-08,2026-08-08,unmatched
PMT-000969,FILE-0001,REF-T-0O0889,717.26,USD,inbound,Powell PLC,2026-08-08,2026-08-09,unmatched
PMT-000970,FILE-0001,REF-T-00089O,357.59,USD,inbound,"Barnes, Lyons and Cooper",2026-08-16,2026-08-16,unmatched
PMT-000971,FILE-0001,REF-M-0007,2176.93,USD,inbound,Gutierrez-Charles,2026-08-29,2026-08-30,unmatched
PMT-000972,FILE-0001,REF-M-0305,2454.55,USD,inbound,Dawson-Davis,2026-08-01,2026-08-02,unmatched
PMT-000973,FILE-0001,REF-M-0390,671.13,USD,inbound,Mckinney PLC,2026-08-28,2026-08-29,unmatched
PMT-000974,FILE-0001,REF-M-0153,621.02,USD,inbound,Smith-Gomez,2026-08-05,2026-08-05,unmatched
PMT-000975,FILE-0001,REF-M-0011,1912.32,USD,inbound,Rogers-Kirby,2026-08-05,2026-08-05,unmatched
PMT-000976,FILE-0001,REF-M-0304,2024.19,USD,inbound,Bowers-Turner,2026-08-07,2026-08-07,unmatched
PMT-000977,FILE-0001,REF-M-0686,1985.5,USD,inbound,Fox-Patterson,2026-08-28,2026-08-29,unmatched
PMT-000978,FILE-0001,REF-M-0742,213.49,USD,inbound,Boyd Inc,2026-08-28,2026-08-28,unmatched
PMT-000979,FILE-0001,REF-M-0569,1544.43,USD,inbound,Nelson-Li,2026-08-20,2026-08-21,unmatched
PMT-000980,FILE-0001,REF-M-0444,1332.87,USD,inbound,"Brock, Parks and Warren",2026-08-21,2026-08-22,unmatched
PMT-000981,FILE-0001,REF-M-0142,1748.36,USD,inbound,Jordan Group,2026-08-14,2026-08-15,unmatched
PMT-000982,FILE-0001,REF-M-0049,1743.62,USD,inbound,"Thompson, Sanchez and Harrison",2026-08-20,2026-08-20,unmatched
PMT-000983,FILE-0001,REF-M-0118,1818.92,USD,inbound,"Ball, Brewer and Alexander",2026-08-15,2026-08-16,unmatched
PMT-000984,FILE-0001,REF-M-0597,645.61,USD,inbound,Jones Group,2026-08-22,2026-08-22,unmatched
PMT-000985,FILE-0001,REF-M-0460,1112.68,USD,inbound,Day-Sparks,2026-08-12,2026-08-13,unmatched
PMT-000986,FILE-0001,REF-M-0067,2302.66,USD,inbound,Cannon-Martinez,2026-08-25,2026-08-26,unmatched
PMT-000987,FILE-0001,REF-M-0154,454.6,USD,inbound,Bishop-Smith,2026-08-18,2026-08-19,unmatched
PMT-000988,FILE-0001,REF-M-0171,293.34,USD,inbound,"Kelly, Bradley and Ponce",2026-08-11,2026-08-12,unmatched
PMT-000989,FILE-0001,REF-M-0707,476.13,USD,inbound,Moore-Davis,2026-08-28,2026-08-29,unmatched
PMT-000990,FILE-0001,REF-M-0120,1328.36,USD,inbound,Lambert-Rios,2026-08-29,2026-08-30,unmatched
PMT-000991,FILE-0001,REF-T-000891,1424.01,USD,inbound,Miller-Gutierrez,2026-08-15,2026-08-15,unmatched
PMT-000992,FILE-0001,REF-T-000892,2206.23,USD,inbound,House LLC,2026-08-28,2026-08-29,unmatched
PMT-000993,FILE-0001,REF-T-000893,61.26,USD,inbound,"Morales, Johnson and Warren",2026-08-10,2026-08-11,unmatched
PMT-000994,FILE-0001,REF-T-000894,379.33,USD,inbound,Kelly LLC,2026-08-03,2026-08-04,unmatched
PMT-000995,FILE-0001,REF-T-000895,2013.44,USD,inbound,Anthony-Romero,2026-08-16,2026-08-17,unmatched
PMT-000996,FILE-0001,REF-T-000896,143.61,USD,inbound,"Owens, Sanchez and Bishop",2026-08-18,2026-08-18,unmatched
PMT-000997,FILE-0001,REF-T-000897,1401.21,USD,inbound,"Lee, Johnson and Hall",2026-08-24,2026-08-24,unmatched
PMT-000998,FILE-0001,REF-T-000898,152.31,USD,inbound,Berger-Johnson,2026-08-01,2026-08-02,unmatched
PMT-000999,FILE-0001,REF-T-000899,1239.47,USD,inbound,"Aguilar, Johnson and Oconnell",2026-08-13,2026-08-13,unmatched
PMT-001000,FILE-0001,REF-T-000900,491.37,USD,inbound,Malone-Lawrence,2026-08-12,2026-08-12,unmatched
